{
  "typeName" : "AWS::EC2::VPNConnectionRoute",
  "description" : "Resource Type definition for AWS::EC2::VPNConnectionRoute",
  "additionalProperties" : false,
  "properties" : {
    "Id" : {
      "type" : "string"
    },
    "DestinationCidrBlock" : {
      "type" : "string"
    },
    "VpnConnectionId" : {
      "type" : "string"
    }
  },
  "required" : [ "DestinationCidrBlock", "VpnConnectionId" ],
  "createOnlyProperties" : [ "/properties/DestinationCidrBlock", "/properties/VpnConnectionId" ],
  "readOnlyProperties" : [ "/properties/Id" ],
  "primaryIdentifier" : [ "/properties/Id" ]
}