{
  "typeName" : "AWS::IoT::DomainConfiguration",
  "description" : "Create and manage a Domain Configuration",
  "sourceUrl" : "https://github.com/aws-cloudformation/aws-cloudformation-rpdk.git",
  "definitions" : {
    "AuthorizerConfig" : {
      "type" : "object",
      "properties" : {
        "AllowAuthorizerOverride" : {
          "type" : "boolean"
        },
        "DefaultAuthorizerName" : {
          "type" : "string",
          "minLength" : 1,
          "maxLength" : 128,
          "pattern" : "^[\\w=,@-]+$"
        }
      },
      "additionalProperties" : false
    },
    "ServerCertificateSummary" : {
      "type" : "object",
      "properties" : {
        "ServerCertificateArn" : {
          "type" : "string",
          "pattern" : "^arn:aws(-cn|-us-gov|-iso-b|-iso)?:acm:[a-z]{2}-(gov-|iso-|isob-)?[a-z]{4,9}-\\d{1}:\\d{12}:certificate/[a-zA-Z0-9/-]+$",
          "minLength" : 1,
          "maxLength" : 2048
        },
        "ServerCertificateStatus" : {
          "type" : "string",
          "enum" : [ "INVALID", "VALID" ]
        },
        "ServerCertificateStatusDetail" : {
          "type" : "string"
        }
      },
      "additionalProperties" : false
    },
    "Tag" : {
      "type" : "object",
      "properties" : {
        "Key" : {
          "type" : "string"
        },
        "Value" : {
          "type" : "string"
        }
      },
      "additionalProperties" : false,
      "required" : [ "Key", "Value" ]
    }
  },
  "properties" : {
    "DomainConfigurationName" : {
      "type" : "string",
      "minLength" : 1,
      "maxLength" : 128,
      "pattern" : "^[\\w.-]+$"
    },
    "AuthorizerConfig" : {
      "$ref" : "#/definitions/AuthorizerConfig"
    },
    "DomainName" : {
      "type" : "string",
      "minLength" : 1,
      "maxLength" : 253
    },
    "ServerCertificateArns" : {
      "type" : "array",
      "minItems" : 0,
      "maxItems" : 1,
      "items" : {
        "type" : "string",
        "pattern" : "^arn:aws(-cn|-us-gov|-iso-b|-iso)?:acm:[a-z]{2}-(gov-|iso-|isob-)?[a-z]{4,9}-\\d{1}:\\d{12}:certificate/[a-zA-Z0-9/-]+$",
        "minLength" : 1,
        "maxLength" : 2048
      }
    },
    "ServiceType" : {
      "type" : "string",
      "enum" : [ "DATA", "CREDENTIAL_PROVIDER", "JOBS" ]
    },
    "ValidationCertificateArn" : {
      "type" : "string",
      "pattern" : "^arn:aws(-cn|-us-gov|-iso-b|-iso)?:acm:[a-z]{2}-(gov-|iso-|isob-)?[a-z]{4,9}-\\d{1}:\\d{12}:certificate/[a-zA-Z0-9/-]+$"
    },
    "Arn" : {
      "type" : "string"
    },
    "DomainConfigurationStatus" : {
      "type" : "string",
      "enum" : [ "ENABLED", "DISABLED" ]
    },
    "DomainType" : {
      "type" : "string",
      "enum" : [ "ENDPOINT", "AWS_MANAGED", "CUSTOMER_MANAGED" ]
    },
    "ServerCertificates" : {
      "type" : "array",
      "items" : {
        "$ref" : "#/definitions/ServerCertificateSummary"
      }
    },
    "Tags" : {
      "type" : "array",
      "items" : {
        "$ref" : "#/definitions/Tag"
      }
    }
  },
  "taggable" : true,
  "additionalProperties" : false,
  "required" : [ ],
  "createOnlyProperties" : [ "/properties/DomainConfigurationName", "/properties/DomainName", "/properties/ServiceType", "/properties/ValidationCertificateArn", "/properties/ServerCertificateArns" ],
  "readOnlyProperties" : [ "/properties/Arn", "/properties/DomainType", "/properties/ServerCertificates" ],
  "writeOnlyProperties" : [ "/properties/ServerCertificateArns" ],
  "primaryIdentifier" : [ "/properties/DomainConfigurationName" ],
  "handlers" : {
    "create" : {
      "permissions" : [ "iot:CreateDomainConfiguration", "iot:UpdateDomainConfiguration", "iot:DescribeDomainConfiguration" ]
    },
    "read" : {
      "permissions" : [ "iot:DescribeDomainConfiguration" ]
    },
    "update" : {
      "permissions" : [ "iot:UpdateDomainConfiguration", "iot:DescribeDomainConfiguration" ]
    },
    "delete" : {
      "permissions" : [ "iot:DeleteDomainConfiguration", "iot:UpdateDomainConfiguration" ]
    },
    "list" : {
      "permissions" : [ "iot:ListDomainConfigurations" ]
    }
  }
}