{
  "typeName" : "AWS::CodePipeline::CustomActionType",
  "description" : "Resource Type definition for AWS::CodePipeline::CustomActionType",
  "additionalProperties" : false,
  "properties" : {
    "Category" : {
      "type" : "string"
    },
    "Id" : {
      "type" : "string"
    },
    "ConfigurationProperties" : {
      "type" : "array",
      "uniqueItems" : true,
      "items" : {
        "$ref" : "#/definitions/ConfigurationProperties"
      }
    },
    "InputArtifactDetails" : {
      "$ref" : "#/definitions/ArtifactDetails"
    },
    "OutputArtifactDetails" : {
      "$ref" : "#/definitions/ArtifactDetails"
    },
    "Provider" : {
      "type" : "string"
    },
    "Settings" : {
      "$ref" : "#/definitions/Settings"
    },
    "Tags" : {
      "type" : "array",
      "uniqueItems" : false,
      "items" : {
        "$ref" : "#/definitions/Tag"
      }
    },
    "Version" : {
      "type" : "string"
    }
  },
  "definitions" : {
    "ConfigurationProperties" : {
      "type" : "object",
      "additionalProperties" : false,
      "properties" : {
        "Description" : {
          "type" : "string"
        },
        "Key" : {
          "type" : "boolean"
        },
        "Name" : {
          "type" : "string"
        },
        "Queryable" : {
          "type" : "boolean"
        },
        "Required" : {
          "type" : "boolean"
        },
        "Secret" : {
          "type" : "boolean"
        },
        "Type" : {
          "type" : "string"
        }
      },
      "required" : [ "Secret", "Required", "Key", "Name" ]
    },
    "Tag" : {
      "type" : "object",
      "additionalProperties" : false,
      "properties" : {
        "Key" : {
          "type" : "string"
        },
        "Value" : {
          "type" : "string"
        }
      },
      "required" : [ "Value", "Key" ]
    },
    "Settings" : {
      "type" : "object",
      "additionalProperties" : false,
      "properties" : {
        "EntityUrlTemplate" : {
          "type" : "string"
        },
        "ExecutionUrlTemplate" : {
          "type" : "string"
        },
        "RevisionUrlTemplate" : {
          "type" : "string"
        },
        "ThirdPartyConfigurationUrl" : {
          "type" : "string"
        }
      }
    },
    "ArtifactDetails" : {
      "type" : "object",
      "additionalProperties" : false,
      "properties" : {
        "MaximumCount" : {
          "type" : "integer"
        },
        "MinimumCount" : {
          "type" : "integer"
        }
      },
      "required" : [ "MinimumCount", "MaximumCount" ]
    }
  },
  "required" : [ "OutputArtifactDetails", "Category", "InputArtifactDetails", "Version", "Provider" ],
  "createOnlyProperties" : [ "/properties/ConfigurationProperties", "/properties/OutputArtifactDetails", "/properties/Version", "/properties/InputArtifactDetails", "/properties/Settings", "/properties/Provider", "/properties/Category" ],
  "readOnlyProperties" : [ "/properties/Id" ],
  "primaryIdentifier" : [ "/properties/Id" ]
}