{
  "typeName" : "AWS::ElastiCache::UserGroup",
  "description" : "Resource Type definition for AWS::ElastiCache::UserGroup",
  "sourceUrl" : "https://github.com/aws-cloudformation/aws-cloudformation-resource-providers-elasticache",
  "properties" : {
    "Status" : {
      "description" : "Indicates user group status. Can be \"creating\", \"active\", \"modifying\", \"deleting\".",
      "type" : "string"
    },
    "UserGroupId" : {
      "description" : "The ID of the user group.",
      "pattern" : "[a-z][a-z0-9\\\\-]*",
      "type" : "string"
    },
    "Engine" : {
      "description" : "Must be redis.",
      "type" : "string",
      "enum" : [ "redis" ]
    },
    "UserIds" : {
      "type" : "array",
      "$comment" : "List of users.",
      "uniqueItems" : true,
      "insertionOrder" : true,
      "items" : {
        "type" : "string"
      },
      "description" : "List of users associated to this user group."
    },
    "Arn" : {
      "description" : "The Amazon Resource Name (ARN) of the user account.",
      "type" : "string"
    }
  },
  "additionalProperties" : false,
  "required" : [ "UserGroupId", "Engine" ],
  "readOnlyProperties" : [ "/properties/Status", "/properties/Arn" ],
  "createOnlyProperties" : [ "/properties/UserGroupId", "/properties/Engine" ],
  "primaryIdentifier" : [ "/properties/UserGroupId" ],
  "handlers" : {
    "create" : {
      "permissions" : [ "elasticache:CreateUserGroup", "elasticache:DescribeUserGroups" ]
    },
    "read" : {
      "permissions" : [ "elasticache:DescribeUserGroups" ]
    },
    "update" : {
      "permissions" : [ "elasticache:ModifyUserGroup", "elasticache:DescribeUserGroups" ]
    },
    "delete" : {
      "permissions" : [ "elasticache:ModifyReplicationGroup", "elasticache:DeleteUserGroup", "elasticache:DescribeUserGroups" ]
    },
    "list" : {
      "permissions" : [ "elasticache:DescribeUserGroups" ]
    }
  }
}