{
  "typeName" : "AWS::ElasticBeanstalk::ConfigurationTemplate",
  "description" : "Resource Type definition for AWS::ElasticBeanstalk::ConfigurationTemplate",
  "additionalProperties" : false,
  "properties" : {
    "Id" : {
      "type" : "string"
    },
    "ApplicationName" : {
      "type" : "string"
    },
    "Description" : {
      "type" : "string"
    },
    "EnvironmentId" : {
      "type" : "string"
    },
    "OptionSettings" : {
      "type" : "array",
      "uniqueItems" : false,
      "items" : {
        "$ref" : "#/definitions/ConfigurationOptionSetting"
      }
    },
    "PlatformArn" : {
      "type" : "string"
    },
    "SolutionStackName" : {
      "type" : "string"
    },
    "SourceConfiguration" : {
      "$ref" : "#/definitions/SourceConfiguration"
    }
  },
  "definitions" : {
    "SourceConfiguration" : {
      "type" : "object",
      "additionalProperties" : false,
      "properties" : {
        "ApplicationName" : {
          "type" : "string"
        },
        "TemplateName" : {
          "type" : "string"
        }
      },
      "required" : [ "TemplateName", "ApplicationName" ]
    },
    "ConfigurationOptionSetting" : {
      "type" : "object",
      "additionalProperties" : false,
      "properties" : {
        "Namespace" : {
          "type" : "string"
        },
        "OptionName" : {
          "type" : "string"
        },
        "ResourceName" : {
          "type" : "string"
        },
        "Value" : {
          "type" : "string"
        }
      },
      "required" : [ "Namespace", "OptionName" ]
    }
  },
  "required" : [ "ApplicationName" ],
  "createOnlyProperties" : [ "/properties/PlatformArn", "/properties/EnvironmentId", "/properties/SourceConfiguration", "/properties/ApplicationName", "/properties/SolutionStackName" ],
  "primaryIdentifier" : [ "/properties/Id" ],
  "readOnlyProperties" : [ "/properties/Id" ]
}