{
  "typeName" : "AWS::EventSchemas::Registry",
  "description" : "Resource Type definition for AWS::EventSchemas::Registry",
  "additionalProperties" : false,
  "properties" : {
    "RegistryName" : {
      "type" : "string"
    },
    "Description" : {
      "type" : "string"
    },
    "Id" : {
      "type" : "string"
    },
    "RegistryArn" : {
      "type" : "string"
    },
    "Tags" : {
      "type" : "array",
      "uniqueItems" : false,
      "items" : {
        "$ref" : "#/definitions/TagsEntry"
      }
    }
  },
  "definitions" : {
    "TagsEntry" : {
      "type" : "object",
      "additionalProperties" : false,
      "properties" : {
        "Value" : {
          "type" : "string"
        },
        "Key" : {
          "type" : "string"
        }
      },
      "required" : [ "Value", "Key" ]
    }
  },
  "createOnlyProperties" : [ "/properties/RegistryName" ],
  "primaryIdentifier" : [ "/properties/Id" ],
  "readOnlyProperties" : [ "/properties/RegistryArn", "/properties/Id" ]
}