{
  "typeName" : "AWS::IAM::InstanceProfile",
  "description" : "Resource Type definition for AWS::IAM::InstanceProfile",
  "additionalProperties" : false,
  "properties" : {
    "Path" : {
      "type" : "string"
    },
    "Roles" : {
      "type" : "array",
      "uniqueItems" : false,
      "items" : {
        "type" : "string"
      }
    },
    "InstanceProfileName" : {
      "type" : "string"
    },
    "Id" : {
      "type" : "string"
    },
    "Arn" : {
      "type" : "string"
    }
  },
  "required" : [ "Roles" ],
  "createOnlyProperties" : [ "/properties/InstanceProfileName", "/properties/Path" ],
  "primaryIdentifier" : [ "/properties/Id" ],
  "readOnlyProperties" : [ "/properties/Id", "/properties/Arn" ]
}