{
  "typeName" : "AWS::LakeFormation::Resource",
  "description" : "Resource Type definition for AWS::LakeFormation::Resource",
  "additionalProperties" : false,
  "properties" : {
    "ResourceArn" : {
      "type" : "string"
    },
    "Id" : {
      "type" : "string"
    },
    "UseServiceLinkedRole" : {
      "type" : "boolean"
    },
    "RoleArn" : {
      "type" : "string"
    }
  },
  "required" : [ "ResourceArn", "UseServiceLinkedRole" ],
  "primaryIdentifier" : [ "/properties/Id" ],
  "readOnlyProperties" : [ "/properties/Id" ]
}