{
  "typeName" : "AWS::AutoScaling::ScheduledAction",
  "description" : "Resource Type definition for AWS::AutoScaling::ScheduledAction",
  "additionalProperties" : false,
  "properties" : {
    "MinSize" : {
      "type" : "integer"
    },
    "Recurrence" : {
      "type" : "string"
    },
    "TimeZone" : {
      "type" : "string"
    },
    "EndTime" : {
      "type" : "string"
    },
    "AutoScalingGroupName" : {
      "type" : "string"
    },
    "StartTime" : {
      "type" : "string"
    },
    "DesiredCapacity" : {
      "type" : "integer"
    },
    "Id" : {
      "type" : "string"
    },
    "MaxSize" : {
      "type" : "integer"
    }
  },
  "required" : [ "AutoScalingGroupName" ],
  "createOnlyProperties" : [ "/properties/AutoScalingGroupName" ],
  "primaryIdentifier" : [ "/properties/Id" ],
  "readOnlyProperties" : [ "/properties/Id" ]
}