{
  "typeName" : "AWS::IoTSiteWise::Asset",
  "description" : "Resource schema for AWS::IoTSiteWise::Asset",
  "sourceUrl" : "https://github.com/aws-cloudformation/aws-cloudformation-resource-providers-IoTSiteWise.git",
  "definitions" : {
    "AssetProperty" : {
      "description" : "The asset property's definition, alias, and notification state.",
      "type" : "object",
      "additionalProperties" : false,
      "required" : [ "LogicalId" ],
      "properties" : {
        "LogicalId" : {
          "description" : "Customer provided ID for property.",
          "type" : "string",
          "minLength" : 1,
          "maxLength" : 256,
          "pattern" : "[^\\u0000-\\u001F\\u007F]+"
        },
        "Alias" : {
          "description" : "The property alias that identifies the property.",
          "type" : "string"
        },
        "NotificationState" : {
          "description" : "The MQTT notification state (ENABLED or DISABLED) for this asset property.",
          "type" : "string",
          "enum" : [ "ENABLED", "DISABLED" ]
        }
      }
    },
    "AssetHierarchy" : {
      "description" : "A hierarchy specifies allowed parent/child asset relationships.",
      "type" : "object",
      "additionalProperties" : false,
      "required" : [ "LogicalId", "ChildAssetId" ],
      "properties" : {
        "LogicalId" : {
          "description" : "The LogicalID of a hierarchy in the parent asset's model.",
          "type" : "string",
          "minLength" : 1,
          "maxLength" : 256,
          "pattern" : "[^\\u0000-\\u001F\\u007F]+"
        },
        "ChildAssetId" : {
          "description" : "The ID of the child asset to be associated.",
          "type" : "string"
        }
      }
    },
    "Tag" : {
      "type" : "object",
      "additionalProperties" : false,
      "properties" : {
        "Key" : {
          "type" : "string"
        },
        "Value" : {
          "type" : "string"
        }
      },
      "required" : [ "Value", "Key" ]
    }
  },
  "properties" : {
    "AssetId" : {
      "description" : "The ID of the asset",
      "type" : "string"
    },
    "AssetModelId" : {
      "description" : "The ID of the asset model from which to create the asset.",
      "type" : "string"
    },
    "AssetArn" : {
      "description" : "The ARN of the asset",
      "type" : "string"
    },
    "AssetName" : {
      "description" : "A unique, friendly name for the asset.",
      "type" : "string"
    },
    "AssetProperties" : {
      "type" : "array",
      "insertionOrder" : false,
      "items" : {
        "$ref" : "#/definitions/AssetProperty"
      }
    },
    "AssetHierarchies" : {
      "type" : "array",
      "insertionOrder" : false,
      "items" : {
        "$ref" : "#/definitions/AssetHierarchy"
      }
    },
    "Tags" : {
      "description" : "A list of key-value pairs that contain metadata for the asset.",
      "type" : "array",
      "uniqueItems" : false,
      "insertionOrder" : false,
      "items" : {
        "$ref" : "#/definitions/Tag"
      }
    }
  },
  "additionalProperties" : false,
  "taggable" : true,
  "required" : [ "AssetName", "AssetModelId" ],
  "readOnlyProperties" : [ "/properties/AssetArn", "/properties/AssetId" ],
  "primaryIdentifier" : [ "/properties/AssetId" ],
  "handlers" : {
    "create" : {
      "permissions" : [ "iotsitewise:AssociateAssets", "iotsitewise:CreateAsset", "iotsitewise:DescribeAsset", "iotsitewise:DescribeAssetModel", "iotsitewise:ListAssociatedAssets", "iotsitewise:ListTagsForResource", "iotsitewise:UpdateAssetProperty" ]
    },
    "read" : {
      "permissions" : [ "iotsitewise:DescribeAsset", "iotsitewise:DescribeAssetModel", "iotsitewise:ListAssociatedAssets", "iotsitewise:ListTagsForResource" ]
    },
    "update" : {
      "permissions" : [ "iotsitewise:AssociateAssets", "iotsitewise:DescribeAsset", "iotsitewise:DescribeAssetModel", "iotsitewise:DisassociateAssets", "iotsitewise:ListAssociatedAssets", "iotsitewise:ListTagsForResource", "iotsitewise:TagResource", "iotsitewise:UpdateAsset", "iotsitewise:UpdateAssetProperty", "iotsitewise:UntagResource" ]
    },
    "delete" : {
      "permissions" : [ "iotsitewise:DeleteAsset", "iotsitewise:DescribeAsset", "iotsitewise:DescribeAssetModel", "iotsitewise:DisassociateAssets", "iotsitewise:ListAssociatedAssets", "iotsitewise:ListTagsForResource" ]
    },
    "list" : {
      "permissions" : [ "iotsitewise:ListAssetModels", "iotsitewise:ListAssets" ]
    }
  }
}