{
  "typeName" : "AWS::EC2::EIP",
  "description" : "Resource Type definition for AWS::EC2::EIP",
  "additionalProperties" : false,
  "properties" : {
    "PublicIpv4Pool" : {
      "type" : "string"
    },
    "Id" : {
      "type" : "string"
    },
    "Domain" : {
      "type" : "string"
    },
    "InstanceId" : {
      "type" : "string"
    },
    "Tags" : {
      "type" : "array",
      "uniqueItems" : false,
      "items" : {
        "$ref" : "#/definitions/Tag"
      }
    },
    "AllocationId" : {
      "type" : "string"
    }
  },
  "definitions" : {
    "Tag" : {
      "type" : "object",
      "additionalProperties" : false,
      "properties" : {
        "Value" : {
          "type" : "string"
        },
        "Key" : {
          "type" : "string"
        }
      },
      "required" : [ "Value", "Key" ]
    }
  },
  "createOnlyProperties" : [ "/properties/Domain" ],
  "primaryIdentifier" : [ "/properties/Id" ],
  "readOnlyProperties" : [ "/properties/Id", "/properties/AllocationId" ]
}