{
  "typeName" : "AWS::EC2::Volume",
  "description" : "Resource Type definition for AWS::EC2::Volume",
  "additionalProperties" : false,
  "properties" : {
    "MultiAttachEnabled" : {
      "type" : "boolean"
    },
    "KmsKeyId" : {
      "type" : "string"
    },
    "Encrypted" : {
      "type" : "boolean"
    },
    "Size" : {
      "type" : "integer"
    },
    "AutoEnableIO" : {
      "type" : "boolean"
    },
    "OutpostArn" : {
      "type" : "string"
    },
    "AvailabilityZone" : {
      "type" : "string"
    },
    "Throughput" : {
      "type" : "integer"
    },
    "Iops" : {
      "type" : "integer"
    },
    "SnapshotId" : {
      "type" : "string"
    },
    "VolumeType" : {
      "type" : "string"
    },
    "Id" : {
      "type" : "string"
    },
    "Tags" : {
      "type" : "array",
      "uniqueItems" : false,
      "items" : {
        "$ref" : "#/definitions/Tag"
      }
    }
  },
  "definitions" : {
    "Tag" : {
      "type" : "object",
      "additionalProperties" : false,
      "properties" : {
        "Value" : {
          "type" : "string"
        },
        "Key" : {
          "type" : "string"
        }
      },
      "required" : [ "Value", "Key" ]
    }
  },
  "required" : [ "AvailabilityZone" ],
  "primaryIdentifier" : [ "/properties/Id" ],
  "readOnlyProperties" : [ "/properties/Id" ]
}