{
  "typeName" : "AWS::Glue::Trigger",
  "description" : "Resource Type definition for AWS::Glue::Trigger",
  "additionalProperties" : false,
  "properties" : {
    "Id" : {
      "type" : "string"
    },
    "Type" : {
      "type" : "string"
    },
    "StartOnCreation" : {
      "type" : "boolean"
    },
    "Description" : {
      "type" : "string"
    },
    "Actions" : {
      "type" : "array",
      "uniqueItems" : false,
      "items" : {
        "$ref" : "#/definitions/Action"
      }
    },
    "WorkflowName" : {
      "type" : "string"
    },
    "Schedule" : {
      "type" : "string"
    },
    "Tags" : {
      "type" : "object"
    },
    "Name" : {
      "type" : "string"
    },
    "Predicate" : {
      "$ref" : "#/definitions/Predicate"
    }
  },
  "definitions" : {
    "Action" : {
      "type" : "object",
      "additionalProperties" : false,
      "properties" : {
        "NotificationProperty" : {
          "$ref" : "#/definitions/NotificationProperty"
        },
        "CrawlerName" : {
          "type" : "string"
        },
        "Timeout" : {
          "type" : "integer"
        },
        "JobName" : {
          "type" : "string"
        },
        "Arguments" : {
          "type" : "object"
        },
        "SecurityConfiguration" : {
          "type" : "string"
        }
      }
    },
    "Predicate" : {
      "type" : "object",
      "additionalProperties" : false,
      "properties" : {
        "Logical" : {
          "type" : "string"
        },
        "Conditions" : {
          "type" : "array",
          "uniqueItems" : false,
          "items" : {
            "$ref" : "#/definitions/Condition"
          }
        }
      }
    },
    "NotificationProperty" : {
      "type" : "object",
      "additionalProperties" : false,
      "properties" : {
        "NotifyDelayAfter" : {
          "type" : "integer"
        }
      }
    },
    "Condition" : {
      "type" : "object",
      "additionalProperties" : false,
      "properties" : {
        "CrawlerName" : {
          "type" : "string"
        },
        "State" : {
          "type" : "string"
        },
        "CrawlState" : {
          "type" : "string"
        },
        "LogicalOperator" : {
          "type" : "string"
        },
        "JobName" : {
          "type" : "string"
        }
      }
    }
  },
  "required" : [ "Type", "Actions" ],
  "createOnlyProperties" : [ "/properties/Name", "/properties/WorkflowName" ],
  "primaryIdentifier" : [ "/properties/Id" ],
  "readOnlyProperties" : [ "/properties/Id" ]
}