{
  "typeName" : "AWS::EC2::NetworkInsightsAnalysis",
  "description" : "Resource schema for AWS::EC2::NetworkInsightsAnalysis",
  "sourceUrl" : "https://github.com/aws-cloudformation/aws-cloudformation-resource-providers-ec2-ni.git",
  "definitions" : {
    "Tags" : {
      "type" : "array",
      "uniqueItems" : true,
      "items" : {
        "$ref" : "#/definitions/Tag"
      }
    },
    "Tag" : {
      "type" : "object",
      "additionalProperties" : false,
      "properties" : {
        "Key" : {
          "type" : "string"
        },
        "Value" : {
          "type" : "string"
        }
      },
      "required" : [ "Key" ]
    },
    "ResourceArn" : {
      "type" : "string"
    },
    "PortRange" : {
      "type" : "object",
      "additionalProperties" : false,
      "properties" : {
        "From" : {
          "type" : "integer"
        },
        "To" : {
          "type" : "integer"
        }
      }
    },
    "Protocol" : {
      "type" : "string"
    },
    "AnalysisAclRule" : {
      "type" : "object",
      "additionalProperties" : false,
      "properties" : {
        "Cidr" : {
          "type" : "string"
        },
        "Egress" : {
          "type" : "boolean"
        },
        "PortRange" : {
          "$ref" : "#/definitions/PortRange"
        },
        "Protocol" : {
          "$ref" : "#/definitions/Protocol"
        },
        "RuleAction" : {
          "type" : "string"
        },
        "RuleNumber" : {
          "type" : "integer"
        }
      }
    },
    "AnalysisPacketHeader" : {
      "type" : "object",
      "additionalProperties" : false,
      "properties" : {
        "DestinationAddresses" : {
          "type" : "array",
          "items" : {
            "$ref" : "#/definitions/IpAddress"
          }
        },
        "DestinationPortRanges" : {
          "type" : "array",
          "items" : {
            "$ref" : "#/definitions/PortRange"
          }
        },
        "Protocol" : {
          "$ref" : "#/definitions/Protocol"
        },
        "SourceAddresses" : {
          "type" : "array",
          "items" : {
            "$ref" : "#/definitions/IpAddress"
          }
        },
        "SourcePortRanges" : {
          "type" : "array",
          "items" : {
            "$ref" : "#/definitions/PortRange"
          }
        }
      }
    },
    "PathComponent" : {
      "type" : "object",
      "additionalProperties" : false,
      "properties" : {
        "SequenceNumber" : {
          "type" : "integer"
        },
        "AclRule" : {
          "$ref" : "#/definitions/AnalysisAclRule"
        },
        "Component" : {
          "$ref" : "#/definitions/AnalysisComponent"
        },
        "DestinationVpc" : {
          "$ref" : "#/definitions/AnalysisComponent"
        },
        "OutboundHeader" : {
          "$ref" : "#/definitions/AnalysisPacketHeader"
        },
        "InboundHeader" : {
          "$ref" : "#/definitions/AnalysisPacketHeader"
        },
        "RouteTableRoute" : {
          "$ref" : "#/definitions/AnalysisRouteTableRoute"
        },
        "SecurityGroupRule" : {
          "$ref" : "#/definitions/AnalysisSecurityGroupRule"
        },
        "SourceVpc" : {
          "$ref" : "#/definitions/AnalysisComponent"
        },
        "Subnet" : {
          "$ref" : "#/definitions/AnalysisComponent"
        },
        "Vpc" : {
          "$ref" : "#/definitions/AnalysisComponent"
        }
      }
    },
    "AnalysisComponent" : {
      "type" : "object",
      "additionalProperties" : false,
      "properties" : {
        "Id" : {
          "type" : "string"
        },
        "Arn" : {
          "type" : "string"
        }
      }
    },
    "IpAddress" : {
      "type" : "string"
    },
    "AnalysisLoadBalancerListener" : {
      "type" : "object",
      "additionalProperties" : false,
      "properties" : {
        "InstancePort" : {
          "$ref" : "#/definitions/Port"
        },
        "LoadBalancerPort" : {
          "$ref" : "#/definitions/Port"
        }
      }
    },
    "AnalysisLoadBalancerTarget" : {
      "type" : "object",
      "additionalProperties" : false,
      "properties" : {
        "Address" : {
          "$ref" : "#/definitions/IpAddress"
        },
        "AvailabilityZone" : {
          "type" : "string"
        },
        "Instance" : {
          "$ref" : "#/definitions/AnalysisComponent"
        },
        "Port" : {
          "$ref" : "#/definitions/Port"
        }
      }
    },
    "Port" : {
      "type" : "integer"
    },
    "AnalysisRouteTableRoute" : {
      "type" : "object",
      "additionalProperties" : false,
      "properties" : {
        "destinationCidr" : {
          "type" : "string"
        },
        "destinationPrefixListId" : {
          "type" : "string"
        },
        "egressOnlyInternetGatewayId" : {
          "type" : "string"
        },
        "gatewayId" : {
          "type" : "string"
        },
        "instanceId" : {
          "type" : "string"
        },
        "NatGatewayId" : {
          "type" : "string"
        },
        "NetworkInterfaceId" : {
          "type" : "string"
        },
        "Origin" : {
          "type" : "string"
        },
        "TransitGatewayId" : {
          "type" : "string"
        },
        "VpcPeeringConnectionId" : {
          "type" : "string"
        }
      }
    },
    "AnalysisSecurityGroupRule" : {
      "type" : "object",
      "additionalProperties" : false,
      "properties" : {
        "Cidr" : {
          "type" : "string"
        },
        "Direction" : {
          "type" : "string"
        },
        "SecurityGroupId" : {
          "type" : "string"
        },
        "PortRange" : {
          "$ref" : "#/definitions/PortRange"
        },
        "PrefixListId" : {
          "type" : "string"
        },
        "Protocol" : {
          "$ref" : "#/definitions/Protocol"
        }
      }
    },
    "Explanation" : {
      "type" : "object",
      "additionalProperties" : false,
      "properties" : {
        "Acl" : {
          "$ref" : "#/definitions/AnalysisComponent"
        },
        "AclRule" : {
          "$ref" : "#/definitions/AnalysisAclRule"
        },
        "Address" : {
          "$ref" : "#/definitions/IpAddress"
        },
        "Addresses" : {
          "type" : "array",
          "items" : {
            "$ref" : "#/definitions/IpAddress"
          }
        },
        "AttachedTo" : {
          "$ref" : "#/definitions/AnalysisComponent"
        },
        "AvailabilityZones" : {
          "type" : "array",
          "items" : {
            "type" : "string"
          }
        },
        "Cidrs" : {
          "type" : "array",
          "items" : {
            "type" : "string"
          }
        },
        "Component" : {
          "$ref" : "#/definitions/AnalysisComponent"
        },
        "CustomerGateway" : {
          "$ref" : "#/definitions/AnalysisComponent"
        },
        "Destination" : {
          "$ref" : "#/definitions/AnalysisComponent"
        },
        "DestinationVpc" : {
          "$ref" : "#/definitions/AnalysisComponent"
        },
        "Direction" : {
          "type" : "string"
        },
        "ExplanationCode" : {
          "type" : "string"
        },
        "IngressRouteTable" : {
          "$ref" : "#/definitions/AnalysisComponent"
        },
        "InternetGateway" : {
          "$ref" : "#/definitions/AnalysisComponent"
        },
        "LoadBalancerArn" : {
          "$ref" : "#/definitions/ResourceArn"
        },
        "ClassicLoadBalancerListener" : {
          "$ref" : "#/definitions/AnalysisLoadBalancerListener"
        },
        "LoadBalancerListenerPort" : {
          "$ref" : "#/definitions/Port"
        },
        "LoadBalancerTarget" : {
          "$ref" : "#/definitions/AnalysisLoadBalancerTarget"
        },
        "LoadBalancerTargetGroup" : {
          "$ref" : "#/definitions/AnalysisComponent"
        },
        "LoadBalancerTargetGroups" : {
          "type" : "array",
          "items" : {
            "$ref" : "#/definitions/AnalysisComponent"
          }
        },
        "LoadBalancerTargetPort" : {
          "$ref" : "#/definitions/Port"
        },
        "ElasticLoadBalancerListener" : {
          "$ref" : "#/definitions/AnalysisComponent"
        },
        "MissingComponent" : {
          "type" : "string"
        },
        "NatGateway" : {
          "$ref" : "#/definitions/AnalysisComponent"
        },
        "NetworkInterface" : {
          "$ref" : "#/definitions/AnalysisComponent"
        },
        "PacketField" : {
          "type" : "string"
        },
        "VpcPeeringConnection" : {
          "$ref" : "#/definitions/AnalysisComponent"
        },
        "Port" : {
          "$ref" : "#/definitions/Port"
        },
        "PortRanges" : {
          "type" : "array",
          "items" : {
            "$ref" : "#/definitions/PortRange"
          }
        },
        "PrefixList" : {
          "$ref" : "#/definitions/AnalysisComponent"
        },
        "Protocols" : {
          "type" : "array",
          "items" : {
            "$ref" : "#/definitions/Protocol"
          }
        },
        "RouteTableRoute" : {
          "$ref" : "#/definitions/AnalysisRouteTableRoute"
        },
        "RouteTable" : {
          "$ref" : "#/definitions/AnalysisComponent"
        },
        "SecurityGroup" : {
          "$ref" : "#/definitions/AnalysisComponent"
        },
        "SecurityGroupRule" : {
          "$ref" : "#/definitions/AnalysisSecurityGroupRule"
        },
        "SecurityGroups" : {
          "type" : "array",
          "items" : {
            "$ref" : "#/definitions/AnalysisComponent"
          }
        },
        "SourceVpc" : {
          "$ref" : "#/definitions/AnalysisComponent"
        },
        "State" : {
          "type" : "string"
        },
        "Subnet" : {
          "$ref" : "#/definitions/AnalysisComponent"
        },
        "SubnetRouteTable" : {
          "$ref" : "#/definitions/AnalysisComponent"
        },
        "Vpc" : {
          "$ref" : "#/definitions/AnalysisComponent"
        },
        "vpcEndpoint" : {
          "$ref" : "#/definitions/AnalysisComponent"
        },
        "VpnConnection" : {
          "$ref" : "#/definitions/AnalysisComponent"
        },
        "VpnGateway" : {
          "$ref" : "#/definitions/AnalysisComponent"
        }
      }
    },
    "AlternatePathHint" : {
      "type" : "object",
      "additionalProperties" : false,
      "properties" : {
        "ComponentId" : {
          "type" : "string"
        },
        "ComponentArn" : {
          "type" : "string"
        }
      }
    }
  },
  "properties" : {
    "NetworkInsightsAnalysisId" : {
      "type" : "string"
    },
    "NetworkInsightsAnalysisArn" : {
      "type" : "string"
    },
    "StartDate" : {
      "type" : "string"
    },
    "Status" : {
      "type" : "string",
      "enum" : [ "running", "failed", "succeeded" ]
    },
    "StatusMessage" : {
      "type" : "string"
    },
    "NetworkPathFound" : {
      "type" : "boolean"
    },
    "ForwardPathComponents" : {
      "type" : "array",
      "items" : {
        "$ref" : "#/definitions/PathComponent"
      }
    },
    "ReturnPathComponents" : {
      "type" : "array",
      "items" : {
        "$ref" : "#/definitions/PathComponent"
      }
    },
    "Explanations" : {
      "type" : "array",
      "items" : {
        "$ref" : "#/definitions/Explanation"
      }
    },
    "AlternatePathHints" : {
      "type" : "array",
      "items" : {
        "$ref" : "#/definitions/AlternatePathHint"
      }
    },
    "NetworkInsightsPathId" : {
      "type" : "string"
    },
    "FilterInArns" : {
      "type" : "array",
      "items" : {
        "$ref" : "#/definitions/ResourceArn"
      }
    },
    "Tags" : {
      "type" : "array",
      "items" : {
        "$ref" : "#/definitions/Tag"
      }
    }
  },
  "additionalProperties" : false,
  "required" : [ "NetworkInsightsPathId" ],
  "readOnlyProperties" : [ "/properties/NetworkInsightsAnalysisId", "/properties/NetworkInsightsAnalysisArn", "/properties/StartDate", "/properties/Status", "/properties/StatusMessage", "/properties/ErrorCode", "/properties/ErrorMessage", "/properties/NetworkPathFound", "/properties/ForwardPathComponents", "/properties/ReturnPathComponents", "/properties/Explanations", "/properties/AlternatePathHints" ],
  "primaryIdentifier" : [ "/properties/NetworkInsightsAnalysisId" ],
  "createOnlyProperties" : [ "/properties/NetworkInsightsPathId", "/properties/FilterInArns" ],
  "additionalIdentifiers" : [ [ "/properties/NetworkInsightsAnalysisArn" ] ],
  "handlers" : {
    "create" : {
      "permissions" : [ "ec2:StartNetworkInsightsAnalysis", "ec2:GetTransitGatewayRouteTablePropagations", "ec2:DescribeTransitGatewayPeeringAttachments", "ec2:SearchTransitGatewayRoutes", "ec2:DescribeTransitGatewayRouteTables", "ec2:DescribeTransitGatewayVpcAttachments", "ec2:DescribeTransitGatewayAttachments", "ec2:DescribeTransitGateways", "ec2:GetManagedPrefixListEntries", "ec2:DescribeManagedPrefixLists", "ec2:DescribeAvailabilityZones", "ec2:DescribeCustomerGateways", "ec2:DescribeInstances", "ec2:DescribeInternetGateways", "ec2:DescribeNatGateways", "ec2:DescribeNetworkAcls", "ec2:DescribeNetworkInterfaces", "ec2:DescribePrefixLists", "ec2:DescribeRegions", "ec2:DescribeRouteTables", "ec2:DescribeSecurityGroups", "ec2:DescribeSubnets", "ec2:DescribeVpcEndpoints", "ec2:DescribeVpcPeeringConnections", "ec2:DescribeVpcs", "ec2:DescribeVpnConnections", "ec2:DescribeVpnGateways", "ec2:DescribeVpcEndpointServiceConfigurations", "elasticloadbalancing:DescribeListeners", "elasticloadbalancing:DescribeLoadBalancers", "elasticloadbalancing:DescribeLoadBalancerAttributes", "elasticloadbalancing:DescribeRules", "elasticloadbalancing:DescribeTags", "elasticloadbalancing:DescribeTargetGroups", "elasticloadbalancing:DescribeTargetHealth", "directconnect:DescribeConnections", "directconnect:DescribeDirectConnectGateways", "directconnect:DescribeDirectConnectGatewayAssociations", "directconnect:DescribeDirectConnectGatewayAttachments", "directconnect:DescribeVirtualGateways", "directconnect:DescribeVirtualInterfaces", "tiros:CreateQuery", "tiros:GetQueryAnswer", "tiros:GetQueryExplanation" ]
    },
    "delete" : {
      "permissions" : [ "ec2:DeleteNetworkInsightsAnalysis" ]
    },
    "read" : {
      "permissions" : [ "ec2:DescribeNetworkInsightsAnalyses" ]
    },
    "list" : {
      "permissions" : [ "ec2:DescribeNetworkInsightsAnalyses" ]
    },
    "update" : {
      "permissions" : [ "ec2:CreateTags", "ec2:DescribeNetworkInsightsAnalyses", "ec2:DeleteTags" ]
    }
  }
}