{
  "typeName" : "AWS::ApiGatewayV2::VpcLink",
  "description" : "Resource Type definition for AWS::ApiGatewayV2::VpcLink",
  "additionalProperties" : false,
  "properties" : {
    "Id" : {
      "type" : "string"
    },
    "SubnetIds" : {
      "type" : "array",
      "uniqueItems" : false,
      "items" : {
        "type" : "string"
      }
    },
    "SecurityGroupIds" : {
      "type" : "array",
      "uniqueItems" : false,
      "items" : {
        "type" : "string"
      }
    },
    "Tags" : {
      "type" : "object"
    },
    "Name" : {
      "type" : "string"
    }
  },
  "required" : [ "SubnetIds", "Name" ],
  "createOnlyProperties" : [ "/properties/SecurityGroupIds", "/properties/SubnetIds" ],
  "primaryIdentifier" : [ "/properties/Id" ],
  "readOnlyProperties" : [ "/properties/Id" ]
}