{
  "typeName" : "AWS::IoTSiteWise::Portal",
  "description" : "Resource schema for AWS::IoTSiteWise::Portal",
  "sourceUrl" : "https://github.com/aws-cloudformation/aws-cloudformation-resource-providers-iotsitewise.git",
  "definitions" : {
    "Tag" : {
      "description" : "To add or update tag, provide both key and value. To delete tag, provide only tag key to be deleted.",
      "type" : "object",
      "additionalProperties" : false,
      "properties" : {
        "Key" : {
          "type" : "string"
        },
        "Value" : {
          "type" : "string"
        }
      },
      "required" : [ "Key", "Value" ]
    }
  },
  "properties" : {
    "PortalAuthMode" : {
      "description" : "The service to use to authenticate users to the portal. Choose from SSO or IAM. You can't change this value after you create a portal.",
      "type" : "string"
    },
    "PortalArn" : {
      "description" : "The ARN of the portal, which has the following format.",
      "type" : "string"
    },
    "PortalClientId" : {
      "description" : "The AWS SSO application generated client ID (used with AWS SSO APIs).",
      "type" : "string"
    },
    "PortalContactEmail" : {
      "description" : "The AWS administrator's contact email address.",
      "type" : "string"
    },
    "PortalDescription" : {
      "description" : "A description for the portal.",
      "type" : "string"
    },
    "PortalId" : {
      "description" : "The ID of the portal.",
      "type" : "string"
    },
    "PortalName" : {
      "description" : "A friendly name for the portal.",
      "type" : "string"
    },
    "PortalStartUrl" : {
      "description" : "The public root URL for the AWS IoT AWS IoT SiteWise Monitor application portal.",
      "type" : "string"
    },
    "RoleArn" : {
      "description" : "The ARN of a service role that allows the portal's users to access your AWS IoT SiteWise resources on your behalf.",
      "type" : "string"
    },
    "NotificationSenderEmail" : {
      "description" : "The email address that sends alarm notifications.",
      "type" : "string"
    },
    "Alarms" : {
      "type" : "object",
      "description" : "Contains the configuration information of an alarm created in an AWS IoT SiteWise Monitor portal. You can use the alarm to monitor an asset property and get notified when the asset property value is outside a specified range.",
      "additionalProperties" : false,
      "properties" : {
        "AlarmRoleArn" : {
          "type" : "string",
          "description" : "The ARN of the IAM role that allows the alarm to perform actions and access AWS resources and services, such as AWS IoT Events."
        },
        "NotificationLambdaArn" : {
          "type" : "string",
          "description" : "The ARN of the AWS Lambda function that manages alarm notifications. For more information, see Managing alarm notifications in the AWS IoT Events Developer Guide."
        }
      }
    },
    "Tags" : {
      "description" : "A list of key-value pairs that contain metadata for the portal.",
      "type" : "array",
      "uniqueItems" : false,
      "insertionOrder" : false,
      "items" : {
        "$ref" : "#/definitions/Tag"
      }
    }
  },
  "additionalProperties" : false,
  "taggable" : true,
  "required" : [ "PortalContactEmail", "PortalName", "RoleArn" ],
  "createOnlyProperties" : [ "/properties/PortalAuthMode" ],
  "readOnlyProperties" : [ "/properties/PortalArn", "/properties/PortalClientId", "/properties/PortalId", "/properties/PortalStartUrl" ],
  "primaryIdentifier" : [ "/properties/PortalId" ],
  "additionalIdentifiers" : [ [ "/properties/PortalArn" ] ],
  "writeOnlyProperties" : [ "/properties/Tags" ],
  "handlers" : {
    "create" : {
      "permissions" : [ "iotsitewise:CreatePortal", "iotsitewise:TagResource", "iam:PassRole", "sso:CreateManagedApplicationInstance", "sso:DescribeRegisteredRegions" ]
    },
    "read" : {
      "permissions" : [ "iotsitewise:DescribePortal" ]
    },
    "update" : {
      "permissions" : [ "iotsitewise:ListTagsForResource", "iotsitewise:TagResource", "iotsitewise:UpdatePortal", "iotsitewise:UntagResource", "iam:PassRole", "sso:GetManagedApplicationInstance", "sso:UpdateApplicationInstanceDisplayData" ]
    },
    "delete" : {
      "permissions" : [ "iotsitewise:DeletePortal", "sso:DeleteManagedApplicationInstance" ]
    },
    "list" : {
      "permissions" : [ "iotsitewise:ListPortals" ]
    }
  }
}