{
  "typeName" : "AWS::ImageBuilder::DistributionConfiguration",
  "description" : "Resource schema for AWS::ImageBuilder::DistributionConfiguration",
  "sourceUrl" : "https://github.com/aws-cloudformation/aws-cloudformation-resource-providers-imagebuilder.git",
  "properties" : {
    "Arn" : {
      "description" : "The Amazon Resource Name (ARN) of the distribution configuration.",
      "type" : "string"
    },
    "Name" : {
      "description" : "The name of the distribution configuration.",
      "type" : "string"
    },
    "Description" : {
      "description" : "The description of the distribution configuration.",
      "type" : "string"
    },
    "Distributions" : {
      "description" : "The distributions of the distribution configuration.",
      "type" : "array",
      "items" : {
        "$ref" : "#/definitions/Distribution"
      }
    },
    "Tags" : {
      "description" : "The tags associated with the component.",
      "type" : "object",
      "additionalProperties" : false,
      "patternProperties" : {
        ".{1,}" : {
          "type" : "string"
        }
      }
    }
  },
  "definitions" : {
    "Distribution" : {
      "description" : "The distributions of the distribution configuration.",
      "type" : "object",
      "additionalProperties" : false,
      "properties" : {
        "Region" : {
          "description" : "region",
          "type" : "string"
        },
        "AmiDistributionConfiguration" : {
          "description" : "The specific AMI settings (for example, launch permissions, AMI tags).",
          "type" : "object",
          "additionalProperties" : false,
          "properties" : {
            "Name" : {
              "description" : "The name of the AMI distribution configuration.",
              "type" : "string"
            },
            "KmsKeyId" : {
              "description" : "The KMS key identifier used to encrypt the distributed image.",
              "type" : "string"
            },
            "Description" : {
              "description" : "The description of the AMI distribution configuration.",
              "type" : "string"
            },
            "AmiTags" : {
              "description" : "The tags to apply to AMIs distributed to this Region.",
              "type" : "object",
              "additionalProperties" : false,
              "patternProperties" : {
                ".{1,}" : {
                  "type" : "string"
                }
              }
            },
            "TargetAccountIds" : {
              "description" : "The ID of accounts to which you want to distribute an image.",
              "type" : "array",
              "items" : {
                "type" : "string"
              }
            },
            "LaunchPermissionConfiguration" : {
              "description" : "Launch permissions can be used to configure which AWS accounts can use the AMI to launch instances.",
              "type" : "object",
              "additionalProperties" : false,
              "properties" : {
                "UserIds" : {
                  "description" : "The AWS account ID.",
                  "type" : "array",
                  "items" : {
                    "type" : "string"
                  }
                },
                "UserGroups" : {
                  "description" : "The name of the group.",
                  "type" : "array",
                  "items" : {
                    "type" : "string"
                  }
                },
                "OrganizationArns" : {
                  "description" : "The ARN for an Amazon Web Services Organization that you want to share your AMI with.",
                  "type" : "array",
                  "items" : {
                    "type" : "string"
                  }
                },
                "OrganizationalUnitArns" : {
                  "description" : "The ARN for an Organizations organizational unit (OU) that you want to share your AMI with.",
                  "type" : "array",
                  "items" : {
                    "type" : "string"
                  }
                }
              }
            }
          }
        },
        "ContainerDistributionConfiguration" : {
          "description" : "Container distribution settings for encryption, licensing, and sharing in a specific Region.",
          "type" : "object",
          "additionalProperties" : false,
          "properties" : {
            "Description" : {
              "description" : "The description of the container distribution configuration.",
              "type" : "string"
            },
            "ContainerTags" : {
              "description" : "Tags that are attached to the container distribution configuration.",
              "type" : "array",
              "items" : {
                "type" : "string"
              }
            },
            "TargetRepository" : {
              "description" : "The destination repository for the container distribution configuration.",
              "$ref" : "#/definitions/TargetContainerRepository"
            }
          }
        },
        "LicenseConfigurationArns" : {
          "description" : "The License Manager Configuration to associate with the AMI in the specified Region.",
          "type" : "array",
          "items" : {
            "$ref" : "#/definitions/LicenseConfigurationArn"
          }
        },
        "LaunchTemplateConfigurations" : {
          "description" : "A group of launchTemplateConfiguration settings that apply to image distribution.",
          "type" : "array",
          "items" : {
            "$ref" : "#/definitions/LaunchTemplateConfiguration"
          }
        }
      },
      "required" : [ "Region" ]
    },
    "LaunchTemplateConfiguration" : {
      "description" : "launchTemplateConfiguration settings that apply to image distribution.",
      "type" : "object",
      "additionalProperties" : false,
      "properties" : {
        "LaunchTemplateId" : {
          "description" : "Identifies the EC2 launch template to use.",
          "type" : "string"
        },
        "AccountId" : {
          "description" : "The account ID that this configuration applies to.",
          "type" : "string"
        },
        "SetDefaultVersion" : {
          "description" : "Set the specified EC2 launch template as the default launch template for the specified account.",
          "type" : "boolean"
        }
      }
    },
    "LicenseConfigurationArn" : {
      "description" : "The Amazon Resource Name (ARN) of the License Manager configuration.",
      "type" : "string"
    },
    "TargetContainerRepository" : {
      "description" : "The destination repository for the container image.",
      "type" : "object",
      "additionalProperties" : false,
      "properties" : {
        "Service" : {
          "description" : "The service of target container repository.",
          "type" : "string",
          "enum" : [ "ECR" ]
        },
        "RepositoryName" : {
          "description" : "The repository name of target container repository.",
          "type" : "string"
        }
      }
    }
  },
  "additionalProperties" : false,
  "required" : [ "Name", "Distributions" ],
  "primaryIdentifier" : [ "/properties/Arn" ],
  "readOnlyProperties" : [ "/properties/Arn" ],
  "createOnlyProperties" : [ "/properties/Name" ],
  "handlers" : {
    "create" : {
      "permissions" : [ "iam:GetRole", "iam:CreateServiceLinkedRole", "ec2:DescribeLaunchTemplates", "ec2:CreateLaunchTemplateVersion", "ec2:ModifyLaunchTemplate", "imagebuilder:TagResource", "imagebuilder:GetDistributionConfiguration", "imagebuilder:CreateDistributionConfiguration" ]
    },
    "update" : {
      "permissions" : [ "imagebuilder:GetDistributionConfiguration", "imagebuilder:UpdateDistributionConfiguration" ]
    },
    "read" : {
      "permissions" : [ "imagebuilder:GetDistributionConfiguration" ]
    },
    "delete" : {
      "permissions" : [ "imagebuilder:GetDistributionConfiguration", "imagebuilder:UnTagResource", "imagebuilder:DeleteDistributionConfiguration" ]
    },
    "list" : {
      "permissions" : [ "imagebuilder:ListDistributionConfigurations" ]
    }
  }
}