{
  "typeName" : "AWS::GuardDuty::Detector",
  "description" : "Resource Type definition for AWS::GuardDuty::Detector",
  "additionalProperties" : false,
  "properties" : {
    "FindingPublishingFrequency" : {
      "type" : "string"
    },
    "Enable" : {
      "type" : "boolean"
    },
    "DataSources" : {
      "$ref" : "#/definitions/CFNDataSourceConfigurations"
    },
    "Id" : {
      "type" : "string"
    }
  },
  "definitions" : {
    "CFNS3LogsConfiguration" : {
      "type" : "object",
      "additionalProperties" : false,
      "properties" : {
        "Enable" : {
          "type" : "boolean"
        }
      }
    },
    "CFNDataSourceConfigurations" : {
      "type" : "object",
      "additionalProperties" : false,
      "properties" : {
        "S3Logs" : {
          "$ref" : "#/definitions/CFNS3LogsConfiguration"
        }
      }
    }
  },
  "required" : [ "Enable" ],
  "primaryIdentifier" : [ "/properties/Id" ],
  "readOnlyProperties" : [ "/properties/Id" ]
}