{
  "typeName" : "AWS::AmplifyUIBuilder::Component",
  "description" : "Definition of AWS::AmplifyUIBuilder::Component Resource Type",
  "definitions" : {
    "ComponentBindingProperties" : {
      "type" : "object",
      "patternProperties" : {
        ".+" : {
          "$ref" : "#/definitions/ComponentBindingPropertiesValue"
        }
      },
      "additionalProperties" : false
    },
    "ComponentBindingPropertiesValue" : {
      "type" : "object",
      "properties" : {
        "DefaultValue" : {
          "type" : "string"
        },
        "Type" : {
          "type" : "string"
        },
        "BindingProperties" : {
          "$ref" : "#/definitions/ComponentBindingPropertiesValueProperties"
        }
      },
      "additionalProperties" : false
    },
    "ComponentBindingPropertiesValueProperties" : {
      "type" : "object",
      "properties" : {
        "Field" : {
          "type" : "string"
        },
        "DefaultValue" : {
          "type" : "string"
        },
        "Bucket" : {
          "type" : "string"
        },
        "UserAttribute" : {
          "type" : "string"
        },
        "Model" : {
          "type" : "string"
        },
        "Predicates" : {
          "insertionOrder" : false,
          "type" : "array",
          "items" : {
            "$ref" : "#/definitions/Predicate"
          }
        },
        "Key" : {
          "type" : "string"
        }
      },
      "additionalProperties" : false
    },
    "ComponentChild" : {
      "type" : "object",
      "properties" : {
        "ComponentType" : {
          "type" : "string"
        },
        "Children" : {
          "insertionOrder" : false,
          "type" : "array",
          "items" : {
            "$ref" : "#/definitions/ComponentChild"
          }
        },
        "Properties" : {
          "$ref" : "#/definitions/ComponentProperties"
        },
        "Name" : {
          "type" : "string"
        }
      },
      "required" : [ "ComponentType", "Name", "Properties" ],
      "additionalProperties" : false
    },
    "ComponentCollectionProperties" : {
      "type" : "object",
      "patternProperties" : {
        ".+" : {
          "$ref" : "#/definitions/ComponentDataConfiguration"
        }
      },
      "additionalProperties" : false
    },
    "ComponentConditionProperty" : {
      "type" : "object",
      "properties" : {
        "Operator" : {
          "type" : "string"
        },
        "Field" : {
          "type" : "string"
        },
        "Operand" : {
          "type" : "string"
        },
        "Else" : {
          "$ref" : "#/definitions/ComponentProperty"
        },
        "Then" : {
          "$ref" : "#/definitions/ComponentProperty"
        },
        "Property" : {
          "type" : "string"
        }
      },
      "additionalProperties" : false
    },
    "ComponentDataConfiguration" : {
      "type" : "object",
      "properties" : {
        "Model" : {
          "type" : "string"
        },
        "Sort" : {
          "insertionOrder" : false,
          "type" : "array",
          "items" : {
            "$ref" : "#/definitions/SortProperty"
          }
        },
        "Identifiers" : {
          "insertionOrder" : false,
          "type" : "array",
          "items" : {
            "type" : "string"
          }
        },
        "Predicate" : {
          "$ref" : "#/definitions/Predicate"
        }
      },
      "required" : [ "Model" ],
      "additionalProperties" : false
    },
    "ComponentOverrides" : {
      "type" : "object",
      "patternProperties" : {
        ".+" : {
          "$ref" : "#/definitions/ComponentOverridesValue"
        }
      },
      "additionalProperties" : false
    },
    "ComponentOverridesValue" : {
      "type" : "object",
      "patternProperties" : {
        ".+" : {
          "type" : "string"
        }
      },
      "additionalProperties" : false
    },
    "ComponentProperties" : {
      "type" : "object",
      "patternProperties" : {
        ".+" : {
          "$ref" : "#/definitions/ComponentProperty"
        }
      },
      "additionalProperties" : false
    },
    "ComponentProperty" : {
      "type" : "object",
      "properties" : {
        "Condition" : {
          "$ref" : "#/definitions/ComponentConditionProperty"
        },
        "UserAttribute" : {
          "type" : "string"
        },
        "ImportedValue" : {
          "type" : "string"
        },
        "BindingProperties" : {
          "$ref" : "#/definitions/ComponentPropertyBindingProperties"
        },
        "Bindings" : {
          "$ref" : "#/definitions/FormBindings"
        },
        "Configured" : {
          "type" : "boolean"
        },
        "Concat" : {
          "insertionOrder" : false,
          "type" : "array",
          "items" : {
            "$ref" : "#/definitions/ComponentProperty"
          }
        },
        "DefaultValue" : {
          "type" : "string"
        },
        "Type" : {
          "type" : "string"
        },
        "Value" : {
          "type" : "string"
        },
        "Model" : {
          "type" : "string"
        },
        "CollectionBindingProperties" : {
          "$ref" : "#/definitions/ComponentPropertyBindingProperties"
        },
        "Event" : {
          "type" : "string"
        }
      },
      "additionalProperties" : false
    },
    "ComponentPropertyBindingProperties" : {
      "type" : "object",
      "properties" : {
        "Field" : {
          "type" : "string"
        },
        "Property" : {
          "type" : "string"
        }
      },
      "required" : [ "Property" ],
      "additionalProperties" : false
    },
    "ComponentVariant" : {
      "type" : "object",
      "properties" : {
        "VariantValues" : {
          "$ref" : "#/definitions/ComponentVariantValues"
        },
        "Overrides" : {
          "$ref" : "#/definitions/ComponentOverrides"
        }
      },
      "additionalProperties" : false
    },
    "ComponentVariantValues" : {
      "type" : "object",
      "patternProperties" : {
        ".+" : {
          "type" : "string"
        }
      },
      "additionalProperties" : false
    },
    "FormBindingElement" : {
      "type" : "object",
      "properties" : {
        "Element" : {
          "type" : "string"
        },
        "Property" : {
          "type" : "string"
        }
      },
      "required" : [ "Element", "Property" ],
      "additionalProperties" : false
    },
    "FormBindings" : {
      "type" : "object",
      "patternProperties" : {
        ".+" : {
          "$ref" : "#/definitions/FormBindingElement"
        }
      },
      "additionalProperties" : false
    },
    "Predicate" : {
      "type" : "object",
      "properties" : {
        "Operator" : {
          "type" : "string"
        },
        "Field" : {
          "type" : "string"
        },
        "Or" : {
          "insertionOrder" : false,
          "type" : "array",
          "items" : {
            "$ref" : "#/definitions/Predicate"
          }
        },
        "And" : {
          "insertionOrder" : false,
          "type" : "array",
          "items" : {
            "$ref" : "#/definitions/Predicate"
          }
        },
        "Operand" : {
          "type" : "string"
        }
      },
      "additionalProperties" : false
    },
    "SortDirection" : {
      "type" : "string",
      "enum" : [ "ASC", "DESC" ]
    },
    "SortProperty" : {
      "type" : "object",
      "properties" : {
        "Field" : {
          "type" : "string"
        },
        "Direction" : {
          "$ref" : "#/definitions/SortDirection"
        }
      },
      "required" : [ "Direction", "Field" ],
      "additionalProperties" : false
    },
    "Tags" : {
      "type" : "object",
      "patternProperties" : {
        "^(?!aws:)[a-zA-Z+-=._:/]+$" : {
          "type" : "string",
          "maxLength" : 256,
          "minLength" : 1
        }
      },
      "additionalProperties" : false
    }
  },
  "properties" : {
    "AppId" : {
      "type" : "string"
    },
    "BindingProperties" : {
      "$ref" : "#/definitions/ComponentBindingProperties"
    },
    "Children" : {
      "insertionOrder" : false,
      "type" : "array",
      "items" : {
        "$ref" : "#/definitions/ComponentChild"
      }
    },
    "CollectionProperties" : {
      "$ref" : "#/definitions/ComponentCollectionProperties"
    },
    "ComponentType" : {
      "type" : "string",
      "maxLength" : 255,
      "minLength" : 1
    },
    "CreatedAt" : {
      "type" : "string",
      "format" : "date-time"
    },
    "EnvironmentName" : {
      "type" : "string"
    },
    "Id" : {
      "type" : "string"
    },
    "ModifiedAt" : {
      "type" : "string",
      "format" : "date-time"
    },
    "Name" : {
      "type" : "string",
      "maxLength" : 255,
      "minLength" : 1
    },
    "Overrides" : {
      "$ref" : "#/definitions/ComponentOverrides"
    },
    "Properties" : {
      "$ref" : "#/definitions/ComponentProperties"
    },
    "SourceId" : {
      "type" : "string"
    },
    "Tags" : {
      "$ref" : "#/definitions/Tags"
    },
    "Variants" : {
      "insertionOrder" : false,
      "type" : "array",
      "items" : {
        "$ref" : "#/definitions/ComponentVariant"
      }
    }
  },
  "readOnlyProperties" : [ "/properties/AppId", "/properties/CreatedAt", "/properties/EnvironmentName", "/properties/Id", "/properties/ModifiedAt" ],
  "createOnlyProperties" : [ "/properties/Tags" ],
  "primaryIdentifier" : [ "/properties/AppId", "/properties/EnvironmentName", "/properties/Id" ],
  "additionalProperties" : false,
  "handlers" : {
    "create" : {
      "permissions" : [ "amplifyuibuilder:CreateComponent", "amplify:GetApp" ]
    },
    "delete" : {
      "permissions" : [ "amplifyuibuilder:DeleteComponent", "amplify:GetApp" ]
    },
    "read" : {
      "permissions" : [ "amplifyuibuilder:GetComponent", "amplify:GetApp" ]
    },
    "list" : {
      "permissions" : [ "amplifyuibuilder:ListComponents", "amplify:GetApp" ]
    },
    "update" : {
      "permissions" : [ "amplifyuibuilder:UpdateComponent", "amplify:GetApp" ]
    }
  }
}