{
  "typeName" : "AWS::Events::Archive",
  "description" : "Resource Type definition for AWS::Events::Archive",
  "additionalProperties" : false,
  "properties" : {
    "ArchiveName" : {
      "type" : "string",
      "minLength" : 1,
      "maxLength" : 48
    },
    "SourceArn" : {
      "type" : "string"
    },
    "Description" : {
      "type" : "string"
    },
    "EventPattern" : {
      "type" : "object"
    },
    "Arn" : {
      "type" : "string"
    },
    "RetentionDays" : {
      "type" : "integer"
    }
  },
  "required" : [ "SourceArn" ],
  "readOnlyProperties" : [ "/properties/Arn", "/properties/ArchiveName" ],
  "createOnlyProperties" : [ "/properties/ArchiveName", "/properties/SourceArn" ],
  "primaryIdentifier" : [ "/properties/ArchiveName" ],
  "handlers" : {
    "create" : {
      "permissions" : [ "events:DescribeArchive", "events:CreateArchive" ]
    },
    "delete" : {
      "permissions" : [ "events:DescribeArchive", "events:DeleteArchive" ]
    },
    "list" : {
      "permissions" : [ "events:ListArchives" ]
    },
    "update" : {
      "permissions" : [ "events:DescribeArchive", "events:UpdateArchive" ]
    },
    "read" : {
      "permissions" : [ "events:DescribeArchive" ]
    }
  }
}