{
  "typeName" : "AWS::EMR::SecurityConfiguration",
  "description" : "Resource Type definition for AWS::EMR::SecurityConfiguration",
  "additionalProperties" : false,
  "properties" : {
    "Id" : {
      "type" : "string"
    },
    "Name" : {
      "type" : "string"
    },
    "SecurityConfiguration" : {
      "type" : "object"
    }
  },
  "required" : [ "SecurityConfiguration" ],
  "createOnlyProperties" : [ "/properties/Name", "/properties/SecurityConfiguration" ],
  "primaryIdentifier" : [ "/properties/Id" ],
  "readOnlyProperties" : [ "/properties/Id" ]
}