{
  "typeName" : "AWS::AutoScaling::WarmPool",
  "description" : "Resource schema for AWS::AutoScaling::WarmPool.",
  "sourceUrl" : "https://github.com/aws-cloudformation/aws-cloudformation-resource-providers-autoscaling",
  "additionalProperties" : false,
  "properties" : {
    "AutoScalingGroupName" : {
      "type" : "string"
    },
    "MaxGroupPreparedCapacity" : {
      "type" : "integer"
    },
    "MinSize" : {
      "type" : "integer"
    },
    "PoolState" : {
      "type" : "string"
    }
  },
  "createOnlyProperties" : [ "/properties/AutoScalingGroupName" ],
  "primaryIdentifier" : [ "/properties/AutoScalingGroupName" ],
  "required" : [ "AutoScalingGroupName" ],
  "handlers" : {
    "create" : {
      "permissions" : [ "autoscaling:PutWarmPool", "autoscaling:DescribeWarmPool", "autoscaling:DescribeAutoScalingGroups" ]
    },
    "delete" : {
      "permissions" : [ "autoscaling:DeleteWarmPool", "autoscaling:DescribeWarmPool" ]
    },
    "read" : {
      "permissions" : [ "autoscaling:DescribeWarmPool" ]
    },
    "update" : {
      "permissions" : [ "autoscaling:PutWarmPool", "autoscaling:DescribeWarmPool", "autoscaling:DescribeAutoScalingGroups" ]
    }
  }
}