{
  "typeName" : "AWS::EC2::VPCPeeringConnection",
  "description" : "Resource Type definition for AWS::EC2::VPCPeeringConnection",
  "additionalProperties" : false,
  "properties" : {
    "Id" : {
      "type" : "string"
    },
    "PeerOwnerId" : {
      "type" : "string"
    },
    "PeerRegion" : {
      "type" : "string"
    },
    "PeerRoleArn" : {
      "type" : "string"
    },
    "PeerVpcId" : {
      "type" : "string"
    },
    "Tags" : {
      "type" : "array",
      "uniqueItems" : false,
      "items" : {
        "$ref" : "#/definitions/Tag"
      }
    },
    "VpcId" : {
      "type" : "string"
    }
  },
  "definitions" : {
    "Tag" : {
      "type" : "object",
      "additionalProperties" : false,
      "properties" : {
        "Key" : {
          "type" : "string"
        },
        "Value" : {
          "type" : "string"
        }
      },
      "required" : [ "Value", "Key" ]
    }
  },
  "required" : [ "VpcId", "PeerVpcId" ],
  "createOnlyProperties" : [ "/properties/PeerRegion", "/properties/PeerOwnerId", "/properties/PeerVpcId", "/properties/PeerRoleArn", "/properties/VpcId" ],
  "readOnlyProperties" : [ "/properties/Id" ],
  "primaryIdentifier" : [ "/properties/Id" ]
}