{
  "typeName" : "AWS::AppMesh::Mesh",
  "description" : "Resource Type definition for AWS::AppMesh::Mesh",
  "additionalProperties" : false,
  "properties" : {
    "Uid" : {
      "type" : "string"
    },
    "MeshName" : {
      "type" : "string"
    },
    "MeshOwner" : {
      "type" : "string"
    },
    "ResourceOwner" : {
      "type" : "string"
    },
    "Id" : {
      "type" : "string"
    },
    "Arn" : {
      "type" : "string"
    },
    "Spec" : {
      "$ref" : "#/definitions/MeshSpec"
    },
    "Tags" : {
      "type" : "array",
      "uniqueItems" : false,
      "items" : {
        "$ref" : "#/definitions/Tag"
      }
    }
  },
  "definitions" : {
    "MeshSpec" : {
      "type" : "object",
      "additionalProperties" : false,
      "properties" : {
        "EgressFilter" : {
          "$ref" : "#/definitions/EgressFilter"
        }
      }
    },
    "EgressFilter" : {
      "type" : "object",
      "additionalProperties" : false,
      "properties" : {
        "Type" : {
          "type" : "string"
        }
      },
      "required" : [ "Type" ]
    },
    "Tag" : {
      "type" : "object",
      "additionalProperties" : false,
      "properties" : {
        "Value" : {
          "type" : "string"
        },
        "Key" : {
          "type" : "string"
        }
      },
      "required" : [ "Value", "Key" ]
    }
  },
  "createOnlyProperties" : [ "/properties/MeshName" ],
  "primaryIdentifier" : [ "/properties/Id" ],
  "readOnlyProperties" : [ "/properties/Id", "/properties/ResourceOwner", "/properties/MeshOwner", "/properties/Arn", "/properties/Uid" ]
}