{
  "typeName" : "AWS::Kinesis::Stream",
  "description" : "Resource Type definition for AWS::Kinesis::Stream",
  "sourceUrl" : "https://github.com/aws-cloudformation/aws-cloudformation-resource-providers-kinesis.git",
  "definitions" : {
    "StreamModeDetails" : {
      "description" : "When specified, enables or updates the mode of stream. Default is PROVISIONED.",
      "type" : "object",
      "additionalProperties" : false,
      "properties" : {
        "StreamMode" : {
          "description" : "The mode of the stream",
          "type" : "string",
          "enum" : [ "ON_DEMAND", "PROVISIONED" ]
        }
      },
      "required" : [ "StreamMode" ]
    },
    "StreamEncryption" : {
      "description" : "When specified, enables or updates server-side encryption using an AWS KMS key for a specified stream. Removing this property from your stack template and updating your stack disables encryption.",
      "type" : "object",
      "additionalProperties" : false,
      "properties" : {
        "EncryptionType" : {
          "description" : "The encryption type to use. The only valid value is KMS. ",
          "type" : "string",
          "enum" : [ "KMS" ]
        },
        "KeyId" : {
          "description" : "The GUID for the customer-managed AWS KMS key to use for encryption. This value can be a globally unique identifier, a fully specified Amazon Resource Name (ARN) to either an alias or a key, or an alias name prefixed by \"alias/\".You can also use a master key owned by Kinesis Data Streams by specifying the alias aws/kinesis.",
          "type" : "string",
          "minLength" : 1,
          "maxLength" : 2048
        }
      },
      "required" : [ "EncryptionType", "KeyId" ]
    },
    "Tag" : {
      "description" : "An arbitrary set of tags (key-value pairs) to associate with the Kinesis stream.",
      "type" : "object",
      "additionalProperties" : false,
      "properties" : {
        "Key" : {
          "description" : "The key name of the tag. You can specify a value that is 1 to 128 Unicode characters in length and cannot be prefixed with aws:. You can use any of the following characters: the set of Unicode letters, digits, whitespace, _, ., /, =, +, and -.",
          "type" : "string",
          "minLength" : 1,
          "maxLength" : 128
        },
        "Value" : {
          "description" : "The value for the tag. You can specify a value that is 0 to 255 Unicode characters in length and cannot be prefixed with aws:. You can use any of the following characters: the set of Unicode letters, digits, whitespace, _, ., /, =, +, and -.",
          "type" : "string",
          "minLength" : 0,
          "maxLength" : 255
        }
      },
      "required" : [ "Key", "Value" ]
    }
  },
  "properties" : {
    "Arn" : {
      "description" : "The Amazon resource name (ARN) of the Kinesis stream",
      "type" : "string"
    },
    "Name" : {
      "description" : "The name of the Kinesis stream.",
      "type" : "string",
      "minLength" : 1,
      "maxLength" : 128,
      "pattern" : "^[a-zA-Z0-9_.-]+$"
    },
    "RetentionPeriodHours" : {
      "description" : "The number of hours for the data records that are stored in shards to remain accessible.",
      "type" : "integer",
      "minimum" : 24
    },
    "ShardCount" : {
      "description" : "The number of shards that the stream uses. Required when StreamMode = PROVISIONED is passed.",
      "type" : "integer",
      "minimum" : 1
    },
    "StreamModeDetails" : {
      "description" : "The mode in which the stream is running.",
      "$ref" : "#/definitions/StreamModeDetails",
      "default" : {
        "StreamMode" : "PROVISIONED"
      }
    },
    "StreamEncryption" : {
      "description" : "When specified, enables or updates server-side encryption using an AWS KMS key for a specified stream.",
      "$ref" : "#/definitions/StreamEncryption"
    },
    "Tags" : {
      "description" : "An arbitrary set of tags (key–value pairs) to associate with the Kinesis stream.",
      "type" : "array",
      "uniqueItems" : false,
      "insertionOrder" : false,
      "items" : {
        "$ref" : "#/definitions/Tag"
      }
    }
  },
  "additionalProperties" : false,
  "readOnlyProperties" : [ "/properties/Arn" ],
  "createOnlyProperties" : [ "/properties/Name" ],
  "primaryIdentifier" : [ "/properties/Name" ],
  "handlers" : {
    "create" : {
      "permissions" : [ "kinesis:DescribeStreamSummary", "kinesis:CreateStream", "kinesis:IncreaseStreamRetentionPeriod", "kinesis:StartStreamEncryption", "kinesis:AddTagsToStream", "kinesis:ListTagsForStream" ]
    },
    "read" : {
      "permissions" : [ "kinesis:DescribeStreamSummary", "kinesis:ListTagsForStream" ]
    },
    "update" : {
      "permissions" : [ "kinesis:DescribeStreamSummary", "kinesis:UpdateShardCount", "kinesis:UpdateStreamMode", "kinesis:IncreaseStreamRetentionPeriod", "kinesis:DecreaseStreamRetentionPeriod", "kinesis:StartStreamEncryption", "kinesis:StopStreamEncryption", "kinesis:AddTagsToStream", "kinesis:RemoveTagsFromStream", "kinesis:ListTagsForStream" ]
    },
    "delete" : {
      "permissions" : [ "kinesis:DescribeStreamSummary", "kinesis:DeleteStream", "kinesis:RemoveTagsFromStream" ]
    },
    "list" : {
      "permissions" : [ "kinesis:ListStreams" ]
    }
  }
}