{
  "typeName" : "AWS::EFS::FileSystem",
  "description" : "Resource Type definition for AWS::EFS::FileSystem",
  "sourceUrl" : "https://github.com/aws-cloudformation/aws-cloudformation-rpdk.git",
  "definitions" : {
    "ElasticFileSystemTag" : {
      "type" : "object",
      "additionalProperties" : false,
      "properties" : {
        "Key" : {
          "type" : "string"
        },
        "Value" : {
          "type" : "string"
        }
      },
      "required" : [ "Value", "Key" ]
    },
    "LifecyclePolicy" : {
      "type" : "object",
      "additionalProperties" : false,
      "properties" : {
        "TransitionToIA" : {
          "type" : "string"
        },
        "TransitionToPrimaryStorageClass" : {
          "type" : "string"
        }
      }
    },
    "BackupPolicy" : {
      "type" : "object",
      "additionalProperties" : false,
      "properties" : {
        "Status" : {
          "type" : "string"
        }
      },
      "required" : [ "Status" ]
    }
  },
  "properties" : {
    "FileSystemId" : {
      "type" : "string"
    },
    "Arn" : {
      "type" : "string"
    },
    "Encrypted" : {
      "type" : "boolean"
    },
    "FileSystemTags" : {
      "type" : "array",
      "uniqueItems" : true,
      "items" : {
        "$ref" : "#/definitions/ElasticFileSystemTag"
      }
    },
    "KmsKeyId" : {
      "type" : "string"
    },
    "LifecyclePolicies" : {
      "type" : "array",
      "uniqueItems" : true,
      "items" : {
        "$ref" : "#/definitions/LifecyclePolicy"
      }
    },
    "PerformanceMode" : {
      "type" : "string"
    },
    "ProvisionedThroughputInMibps" : {
      "type" : "number"
    },
    "ThroughputMode" : {
      "type" : "string"
    },
    "FileSystemPolicy" : {
      "type" : "object"
    },
    "BypassPolicyLockoutSafetyCheck" : {
      "description" : "Whether to bypass the FileSystemPolicy lockout safety check. The policy lockout safety check determines whether the policy in the request will prevent the principal making the request to be locked out from making future PutFileSystemPolicy requests on the file system. Set BypassPolicyLockoutSafetyCheck to True only when you intend to prevent the principal that is making the request from making a subsequent PutFileSystemPolicy request on the file system. Defaults to false",
      "type" : "boolean"
    },
    "BackupPolicy" : {
      "$ref" : "#/definitions/BackupPolicy"
    },
    "AvailabilityZoneName" : {
      "type" : "string"
    }
  },
  "additionalProperties" : false,
  "readOnlyProperties" : [ "/properties/FileSystemId", "/properties/Arn" ],
  "primaryIdentifier" : [ "/properties/FileSystemId" ],
  "writeOnlyProperties" : [ "/properties/BypassPolicyLockoutSafetyCheck" ],
  "createOnlyProperties" : [ "/properties/KmsKeyId", "/properties/Encrypted", "/properties/PerformanceMode", "/properties/AvailabilityZoneName" ],
  "handlers" : {
    "create" : {
      "permissions" : [ "elasticfilesystem:CreateFileSystem", "elasticfilesystem:DescribeFileSystems", "elasticfilesystem:PutBackupPolicy", "elasticfilesystem:PutFileSystemPolicy", "elasticfilesystem:PutLifecycleConfiguration" ]
    },
    "read" : {
      "permissions" : [ "elasticfilesystem:DescribeBackupPolicy", "elasticfilesystem:DescribeFileSystemPolicy", "elasticfilesystem:DescribeFileSystems", "elasticfilesystem:DescribeLifecycleConfiguration" ]
    },
    "update" : {
      "permissions" : [ "elasticfilesystem:DeleteFileSystemPolicy", "elasticfilesystem:DescribeBackupPolicy", "elasticfilesystem:DescribeFileSystemPolicy", "elasticfilesystem:DescribeFileSystems", "elasticfilesystem:DescribeLifecycleConfiguration", "elasticfilesystem:DeleteTags", "elasticfilesystem:ListTagsForResource", "elasticfilesystem:PutBackupPolicy", "elasticfilesystem:PutFileSystemPolicy", "elasticfilesystem:PutLifecycleConfiguration", "elasticfilesystem:TagResource", "elasticfilesystem:UntagResource", "elasticfilesystem:UpdateFileSystem" ]
    },
    "delete" : {
      "permissions" : [ "elasticfilesystem:DescribeFileSystems", "elasticfilesystem:DeleteFileSystem" ]
    },
    "list" : {
      "permissions" : [ "elasticfilesystem:DescribeBackupPolicy", "elasticfilesystem:DescribeFileSystemPolicy", "elasticfilesystem:DescribeFileSystems", "elasticfilesystem:DescribeLifecycleConfiguration" ]
    }
  }
}