{
  "typeName" : "AWS::AppSync::GraphQLApi",
  "description" : "Resource Type definition for AWS::AppSync::GraphQLApi",
  "additionalProperties" : false,
  "properties" : {
    "OpenIDConnectConfig" : {
      "$ref" : "#/definitions/OpenIDConnectConfig"
    },
    "Name" : {
      "type" : "string"
    },
    "AdditionalAuthenticationProviders" : {
      "$ref" : "#/definitions/AdditionalAuthenticationProviders"
    },
    "GraphQLUrl" : {
      "type" : "string"
    },
    "LambdaAuthorizerConfig" : {
      "$ref" : "#/definitions/LambdaAuthorizerConfig"
    },
    "XrayEnabled" : {
      "type" : "boolean"
    },
    "Id" : {
      "type" : "string"
    },
    "Arn" : {
      "type" : "string"
    },
    "UserPoolConfig" : {
      "$ref" : "#/definitions/UserPoolConfig"
    },
    "ApiId" : {
      "type" : "string"
    },
    "Tags" : {
      "$ref" : "#/definitions/Tags"
    },
    "AuthenticationType" : {
      "type" : "string"
    },
    "LogConfig" : {
      "$ref" : "#/definitions/LogConfig"
    }
  },
  "definitions" : {
    "OpenIDConnectConfig" : {
      "type" : "object",
      "additionalProperties" : false,
      "properties" : {
        "ClientId" : {
          "type" : "string"
        },
        "AuthTTL" : {
          "type" : "number"
        },
        "Issuer" : {
          "type" : "string"
        },
        "IatTTL" : {
          "type" : "number"
        }
      }
    },
    "LambdaAuthorizerConfig" : {
      "type" : "object",
      "additionalProperties" : false,
      "properties" : {
        "IdentityValidationExpression" : {
          "type" : "string"
        },
        "AuthorizerUri" : {
          "type" : "string"
        },
        "AuthorizerResultTtlInSeconds" : {
          "type" : "number"
        }
      }
    },
    "UserPoolConfig" : {
      "type" : "object",
      "additionalProperties" : false,
      "properties" : {
        "AppIdClientRegex" : {
          "type" : "string"
        },
        "UserPoolId" : {
          "type" : "string"
        },
        "AwsRegion" : {
          "type" : "string"
        },
        "DefaultAction" : {
          "type" : "string"
        }
      }
    },
    "Tags" : {
      "type" : "object",
      "additionalProperties" : false
    },
    "AdditionalAuthenticationProviders" : {
      "type" : "object",
      "additionalProperties" : false
    },
    "LogConfig" : {
      "type" : "object",
      "additionalProperties" : false,
      "properties" : {
        "ExcludeVerboseContent" : {
          "type" : "boolean"
        },
        "FieldLogLevel" : {
          "type" : "string"
        },
        "CloudWatchLogsRoleArn" : {
          "type" : "string"
        }
      }
    }
  },
  "required" : [ "Name", "AuthenticationType" ],
  "primaryIdentifier" : [ "/properties/Id" ],
  "readOnlyProperties" : [ "/properties/ApiId", "/properties/Id", "/properties/GraphQLUrl", "/properties/Arn" ]
}