{
  "typeName" : "AWS::EC2::Host",
  "description" : "Resource Type definition for AWS::EC2::Host",
  "additionalProperties" : false,
  "properties" : {
    "Id" : {
      "type" : "string"
    },
    "AutoPlacement" : {
      "type" : "string"
    },
    "AvailabilityZone" : {
      "type" : "string"
    },
    "HostRecovery" : {
      "type" : "string"
    },
    "InstanceType" : {
      "type" : "string"
    }
  },
  "required" : [ "InstanceType", "AvailabilityZone" ],
  "createOnlyProperties" : [ "/properties/AvailabilityZone", "/properties/InstanceType" ],
  "readOnlyProperties" : [ "/properties/Id" ],
  "primaryIdentifier" : [ "/properties/Id" ]
}