{
  "typeName" : "AWS::Cognito::UserPoolUserToGroupAttachment",
  "description" : "Resource Type definition for AWS::Cognito::UserPoolUserToGroupAttachment",
  "additionalProperties" : false,
  "properties" : {
    "GroupName" : {
      "type" : "string"
    },
    "UserPoolId" : {
      "type" : "string"
    },
    "Id" : {
      "type" : "string"
    },
    "Username" : {
      "type" : "string"
    }
  },
  "required" : [ "GroupName", "UserPoolId", "Username" ],
  "createOnlyProperties" : [ "/properties/GroupName", "/properties/UserPoolId", "/properties/Username" ],
  "primaryIdentifier" : [ "/properties/Id" ],
  "readOnlyProperties" : [ "/properties/Id" ]
}