{
  "typeName" : "AWS::EC2::TrafficMirrorTarget",
  "description" : "Resource Type definition for AWS::EC2::TrafficMirrorTarget",
  "additionalProperties" : false,
  "properties" : {
    "Id" : {
      "type" : "string"
    },
    "NetworkLoadBalancerArn" : {
      "type" : "string"
    },
    "Description" : {
      "type" : "string"
    },
    "NetworkInterfaceId" : {
      "type" : "string"
    },
    "Tags" : {
      "type" : "array",
      "uniqueItems" : false,
      "items" : {
        "$ref" : "#/definitions/Tag"
      }
    }
  },
  "definitions" : {
    "Tag" : {
      "type" : "object",
      "additionalProperties" : false,
      "properties" : {
        "Key" : {
          "type" : "string"
        },
        "Value" : {
          "type" : "string"
        }
      },
      "required" : [ "Value", "Key" ]
    }
  },
  "createOnlyProperties" : [ "/properties/NetworkLoadBalancerArn", "/properties/NetworkInterfaceId", "/properties/Description" ],
  "readOnlyProperties" : [ "/properties/Id" ],
  "primaryIdentifier" : [ "/properties/Id" ]
}