{
  "typeName" : "AWS::Events::Connection",
  "description" : "Resource Type definition for AWS::Events::Connection.",
  "definitions" : {
    "AuthParameters" : {
      "type" : "object",
      "minProperties" : 1,
      "maxProperties" : 2,
      "properties" : {
        "ApiKeyAuthParameters" : {
          "$ref" : "#/definitions/ApiKeyAuthParameters"
        },
        "BasicAuthParameters" : {
          "$ref" : "#/definitions/BasicAuthParameters"
        },
        "OAuthParameters" : {
          "$ref" : "#/definitions/OAuthParameters"
        },
        "InvocationHttpParameters" : {
          "$ref" : "#/definitions/ConnectionHttpParameters"
        }
      },
      "oneOf" : [ {
        "required" : [ "BasicAuthParameters" ]
      }, {
        "required" : [ "OAuthParameters" ]
      }, {
        "required" : [ "ApiKeyAuthParameters" ]
      } ],
      "additionalProperties" : false
    },
    "BasicAuthParameters" : {
      "type" : "object",
      "properties" : {
        "Username" : {
          "type" : "string"
        },
        "Password" : {
          "type" : "string"
        }
      },
      "required" : [ "Username", "Password" ],
      "additionalProperties" : false
    },
    "OAuthParameters" : {
      "type" : "object",
      "properties" : {
        "ClientParameters" : {
          "$ref" : "#/definitions/ClientParameters"
        },
        "AuthorizationEndpoint" : {
          "type" : "string",
          "minLength" : 1,
          "maxLength" : 2048
        },
        "HttpMethod" : {
          "type" : "string",
          "enum" : [ "GET", "POST", "PUT" ]
        },
        "OAuthHttpParameters" : {
          "$ref" : "#/definitions/ConnectionHttpParameters"
        }
      },
      "required" : [ "ClientParameters", "AuthorizationEndpoint", "HttpMethod" ],
      "additionalProperties" : false
    },
    "ApiKeyAuthParameters" : {
      "type" : "object",
      "properties" : {
        "ApiKeyName" : {
          "type" : "string"
        },
        "ApiKeyValue" : {
          "type" : "string"
        }
      },
      "required" : [ "ApiKeyName", "ApiKeyValue" ],
      "additionalProperties" : false
    },
    "ClientParameters" : {
      "type" : "object",
      "properties" : {
        "ClientID" : {
          "type" : "string"
        },
        "ClientSecret" : {
          "type" : "string"
        }
      },
      "required" : [ "ClientID", "ClientSecret" ],
      "additionalProperties" : false
    },
    "ConnectionHttpParameters" : {
      "type" : "object",
      "properties" : {
        "HeaderParameters" : {
          "type" : "array",
          "items" : {
            "$ref" : "#/definitions/Parameter"
          }
        },
        "QueryStringParameters" : {
          "type" : "array",
          "items" : {
            "$ref" : "#/definitions/Parameter"
          }
        },
        "BodyParameters" : {
          "type" : "array",
          "items" : {
            "$ref" : "#/definitions/Parameter"
          }
        }
      },
      "additionalProperties" : false
    },
    "Parameter" : {
      "type" : "object",
      "properties" : {
        "Key" : {
          "type" : "string"
        },
        "Value" : {
          "type" : "string"
        },
        "IsValueSecret" : {
          "type" : "boolean",
          "default" : true
        }
      },
      "required" : [ "Key", "Value" ],
      "additionalProperties" : false
    }
  },
  "properties" : {
    "Name" : {
      "description" : "Name of the connection.",
      "type" : "string",
      "minLength" : 1,
      "maxLength" : 64
    },
    "Arn" : {
      "description" : "The arn of the connection resource.",
      "type" : "string"
    },
    "SecretArn" : {
      "description" : "The arn of the secrets manager secret created in the customer account.",
      "type" : "string"
    },
    "Description" : {
      "description" : "Description of the connection.",
      "type" : "string",
      "maxLength" : 512
    },
    "AuthorizationType" : {
      "type" : "string",
      "enum" : [ "API_KEY", "BASIC", "OAUTH_CLIENT_CREDENTIALS" ]
    },
    "AuthParameters" : {
      "type" : "object",
      "minProperties" : 1,
      "maxProperties" : 2,
      "properties" : {
        "ApiKeyAuthParameters" : {
          "$ref" : "#/definitions/ApiKeyAuthParameters"
        },
        "BasicAuthParameters" : {
          "$ref" : "#/definitions/BasicAuthParameters"
        },
        "OAuthParameters" : {
          "$ref" : "#/definitions/OAuthParameters"
        },
        "InvocationHttpParameters" : {
          "$ref" : "#/definitions/ConnectionHttpParameters"
        }
      },
      "oneOf" : [ {
        "required" : [ "BasicAuthParameters" ]
      }, {
        "required" : [ "OAuthParameters" ]
      }, {
        "required" : [ "ApiKeyAuthParameters" ]
      } ],
      "additionalProperties" : false
    }
  },
  "additionalProperties" : false,
  "required" : [ "AuthorizationType", "AuthParameters" ],
  "createOnlyProperties" : [ "/properties/Name" ],
  "readOnlyProperties" : [ "/properties/Arn", "/properties/SecretArn" ],
  "writeOnlyProperties" : [ "/definitions/BasicAuthParameters/Password", "/definitions/ApiKeyAuthParameters/ApiKeyValue", "/definitions/OAuthParameters/ClientParameters/ClientSecret" ],
  "primaryIdentifier" : [ "/properties/Name" ],
  "handlers" : {
    "create" : {
      "permissions" : [ "events:CreateConnection", "secretsmanager:CreateSecret", "secretsmanager:GetSecretValue", "secretsmanager:PutSecretValue", "iam:CreateServiceLinkedRole" ]
    },
    "read" : {
      "permissions" : [ "events:DescribeConnection" ]
    },
    "update" : {
      "permissions" : [ "events:UpdateConnection", "events:DescribeConnection", "secretsmanager:CreateSecret", "secretsmanager:UpdateSecret", "secretsmanager:GetSecretValue", "secretsmanager:PutSecretValue" ]
    },
    "delete" : {
      "permissions" : [ "events:DeleteConnection" ]
    },
    "list" : {
      "permissions" : [ "events:ListConnections" ]
    }
  }
}