{
  "typeName" : "AWS::LakeFormation::DataLakeSettings",
  "description" : "Resource Type definition for AWS::LakeFormation::DataLakeSettings",
  "additionalProperties" : false,
  "properties" : {
    "Admins" : {
      "$ref" : "#/definitions/Admins"
    },
    "TrustedResourceOwners" : {
      "type" : "array",
      "uniqueItems" : false,
      "items" : {
        "type" : "string"
      }
    },
    "Id" : {
      "type" : "string"
    }
  },
  "definitions" : {
    "Admins" : {
      "type" : "object",
      "additionalProperties" : false
    }
  },
  "primaryIdentifier" : [ "/properties/Id" ],
  "readOnlyProperties" : [ "/properties/Id" ]
}