{
  "typeName" : "AWS::CloudWatch::MetricStream",
  "description" : "Resource Type definition for Metric Stream",
  "additionalProperties" : false,
  "sourceUrl" : "https://github.com/aws-cloudformation/aws-cloudformation-resource-providers-cloudwatch.git",
  "properties" : {
    "Arn" : {
      "description" : "Amazon Resource Name of the metric stream.",
      "type" : "string",
      "minLength" : 20,
      "maxLength" : 2048
    },
    "CreationDate" : {
      "description" : "The date of creation of the metric stream.",
      "type" : "string",
      "format" : "date-time"
    },
    "ExcludeFilters" : {
      "description" : "Define which metrics will be not streamed. Metrics matched by multiple instances of MetricStreamFilter are joined with an OR operation by default. If both IncludeFilters and ExcludeFilters are omitted, all metrics in the account will be streamed. IncludeFilters and ExcludeFilters are mutually exclusive. Default to null.",
      "type" : "array",
      "maxItems" : 1000,
      "uniqueItems" : true,
      "items" : {
        "$ref" : "#/definitions/MetricStreamFilter"
      }
    },
    "FirehoseArn" : {
      "description" : "The ARN of the Kinesis Firehose where to stream the data.",
      "type" : "string",
      "minLength" : 20,
      "maxLength" : 2048
    },
    "IncludeFilters" : {
      "description" : "Define which metrics will be streamed. Metrics matched by multiple instances of MetricStreamFilter are joined with an OR operation by default. If both IncludeFilters and ExcludeFilters are omitted, all metrics in the account will be streamed. IncludeFilters and ExcludeFilters are mutually exclusive. Default to null.",
      "type" : "array",
      "maxItems" : 1000,
      "uniqueItems" : true,
      "items" : {
        "$ref" : "#/definitions/MetricStreamFilter"
      }
    },
    "LastUpdateDate" : {
      "description" : "The date of the last update of the metric stream.",
      "type" : "string",
      "format" : "date-time"
    },
    "Name" : {
      "description" : "Name of the metric stream.",
      "type" : "string",
      "minLength" : 1,
      "maxLength" : 255
    },
    "RoleArn" : {
      "description" : "The ARN of the role that provides access to the Kinesis Firehose.",
      "type" : "string",
      "minLength" : 20,
      "maxLength" : 2048
    },
    "State" : {
      "description" : "Displays the state of the Metric Stream.",
      "type" : "string",
      "minLength" : 1,
      "maxLength" : 255
    },
    "OutputFormat" : {
      "description" : "The output format of the data streamed to the Kinesis Firehose.",
      "type" : "string",
      "minLength" : 1,
      "maxLength" : 255
    },
    "Tags" : {
      "description" : "A set of tags to assign to the delivery stream.",
      "type" : "array",
      "maxItems" : 50,
      "uniqueItems" : true,
      "items" : {
        "$ref" : "#/definitions/Tag"
      }
    }
  },
  "definitions" : {
    "MetricStreamFilter" : {
      "description" : "This structure defines the metrics that will be streamed.",
      "type" : "object",
      "additionalProperties" : false,
      "properties" : {
        "Namespace" : {
          "description" : "Only metrics with Namespace matching this value will be streamed.",
          "type" : "string",
          "minLength" : 1,
          "maxLength" : 255
        }
      },
      "required" : [ "Namespace" ]
    },
    "Tag" : {
      "description" : "Metadata that you can assign to a Metric Stream, consisting of a key-value pair.",
      "type" : "object",
      "additionalProperties" : false,
      "properties" : {
        "Key" : {
          "description" : "A unique identifier for the tag.",
          "type" : "string",
          "minLength" : 1,
          "maxLength" : 128
        },
        "Value" : {
          "description" : "An optional string, which you can use to describe or define the tag.",
          "type" : "string",
          "minLength" : 1,
          "maxLength" : 256
        }
      },
      "required" : [ "Key" ]
    }
  },
  "handlers" : {
    "create" : {
      "permissions" : [ "cloudwatch:PutMetricStream", "iam:PassRole" ]
    },
    "update" : {
      "permissions" : [ "cloudwatch:PutMetricStream", "iam:PassRole" ]
    },
    "delete" : {
      "permissions" : [ "cloudwatch:DeleteMetricStream" ]
    },
    "list" : {
      "permissions" : [ "cloudwatch:ListMetricStreams" ]
    },
    "read" : {
      "permissions" : [ "cloudwatch:GetMetricStream" ]
    }
  },
  "required" : [ "FirehoseArn", "RoleArn", "OutputFormat" ],
  "anyOf" : [ {
    "required" : [ "FirehoseArn", "RoleArn", "OutputFormat" ]
  }, {
    "allOf" : [ {
      "required" : [ "FirehoseArn", "RoleArn", "OutputFormat" ]
    } ]
  }, {
    "oneOf" : [ {
      "required" : [ "IncludeFilters" ]
    }, {
      "required" : [ "ExcludeFilters" ]
    } ]
  } ],
  "createOnlyProperties" : [ "/properties/Name" ],
  "primaryIdentifier" : [ "/properties/Name" ],
  "readOnlyProperties" : [ "/properties/Arn", "/properties/CreationDate", "/properties/LastUpdateDate", "/properties/State" ],
  "writeOnlyProperties" : [ "/properties/Tags" ]
}