{
  "typeName" : "AWS::EKS::Nodegroup",
  "description" : "Resource Type definition for AWS::EKS::Nodegroup",
  "additionalProperties" : false,
  "properties" : {
    "UpdateConfig" : {
      "$ref" : "#/definitions/UpdateConfig"
    },
    "ScalingConfig" : {
      "$ref" : "#/definitions/ScalingConfig"
    },
    "Labels" : {
      "type" : "object"
    },
    "Taints" : {
      "type" : "array",
      "uniqueItems" : false,
      "items" : {
        "$ref" : "#/definitions/Taint"
      }
    },
    "ReleaseVersion" : {
      "type" : "string"
    },
    "CapacityType" : {
      "type" : "string"
    },
    "NodegroupName" : {
      "type" : "string"
    },
    "Subnets" : {
      "type" : "array",
      "uniqueItems" : false,
      "items" : {
        "type" : "string"
      }
    },
    "NodeRole" : {
      "type" : "string"
    },
    "AmiType" : {
      "type" : "string"
    },
    "ForceUpdateEnabled" : {
      "type" : "boolean"
    },
    "Version" : {
      "type" : "string"
    },
    "LaunchTemplate" : {
      "$ref" : "#/definitions/LaunchTemplateSpecification"
    },
    "RemoteAccess" : {
      "$ref" : "#/definitions/RemoteAccess"
    },
    "DiskSize" : {
      "type" : "number"
    },
    "ClusterName" : {
      "type" : "string"
    },
    "InstanceTypes" : {
      "type" : "array",
      "uniqueItems" : false,
      "items" : {
        "type" : "string"
      }
    },
    "Id" : {
      "type" : "string"
    },
    "Arn" : {
      "type" : "string"
    },
    "Tags" : {
      "type" : "object"
    }
  },
  "definitions" : {
    "UpdateConfig" : {
      "type" : "object",
      "additionalProperties" : false,
      "properties" : {
        "MaxUnavailable" : {
          "type" : "number"
        },
        "MaxUnavailablePercentage" : {
          "type" : "number"
        }
      }
    },
    "LaunchTemplateSpecification" : {
      "type" : "object",
      "additionalProperties" : false,
      "properties" : {
        "Id" : {
          "type" : "string"
        },
        "Version" : {
          "type" : "string"
        },
        "Name" : {
          "type" : "string"
        }
      }
    },
    "ScalingConfig" : {
      "type" : "object",
      "additionalProperties" : false,
      "properties" : {
        "MinSize" : {
          "type" : "number"
        },
        "DesiredSize" : {
          "type" : "number"
        },
        "MaxSize" : {
          "type" : "number"
        }
      }
    },
    "RemoteAccess" : {
      "type" : "object",
      "additionalProperties" : false,
      "properties" : {
        "SourceSecurityGroups" : {
          "type" : "array",
          "uniqueItems" : false,
          "items" : {
            "type" : "string"
          }
        },
        "Ec2SshKey" : {
          "type" : "string"
        }
      },
      "required" : [ "Ec2SshKey" ]
    },
    "Taint" : {
      "type" : "object",
      "additionalProperties" : false,
      "properties" : {
        "Value" : {
          "type" : "string"
        },
        "Effect" : {
          "type" : "string"
        },
        "Key" : {
          "type" : "string"
        }
      }
    }
  },
  "required" : [ "Subnets", "NodeRole", "ClusterName" ],
  "createOnlyProperties" : [ "/properties/CapacityType", "/properties/NodegroupName", "/properties/RemoteAccess", "/properties/NodeRole", "/properties/ClusterName", "/properties/InstanceTypes", "/properties/DiskSize", "/properties/AmiType", "/properties/Subnets" ],
  "primaryIdentifier" : [ "/properties/Id" ],
  "readOnlyProperties" : [ "/properties/Id", "/properties/Arn" ]
}