{
  "typeName" : "AWS::DMS::Endpoint",
  "description" : "Resource Type definition for AWS::DMS::Endpoint",
  "additionalProperties" : false,
  "properties" : {
    "SybaseSettings" : {
      "$ref" : "#/definitions/SybaseSettings"
    },
    "RedisSettings" : {
      "$ref" : "#/definitions/RedisSettings"
    },
    "OracleSettings" : {
      "$ref" : "#/definitions/OracleSettings"
    },
    "KafkaSettings" : {
      "$ref" : "#/definitions/KafkaSettings"
    },
    "Port" : {
      "type" : "integer"
    },
    "MySqlSettings" : {
      "$ref" : "#/definitions/MySqlSettings"
    },
    "S3Settings" : {
      "$ref" : "#/definitions/S3Settings"
    },
    "ResourceIdentifier" : {
      "type" : "string"
    },
    "KinesisSettings" : {
      "$ref" : "#/definitions/KinesisSettings"
    },
    "SslMode" : {
      "type" : "string"
    },
    "RedshiftSettings" : {
      "$ref" : "#/definitions/RedshiftSettings"
    },
    "EndpointType" : {
      "type" : "string"
    },
    "Tags" : {
      "type" : "array",
      "uniqueItems" : false,
      "items" : {
        "$ref" : "#/definitions/Tag"
      }
    },
    "Password" : {
      "type" : "string"
    },
    "MongoDbSettings" : {
      "$ref" : "#/definitions/MongoDbSettings"
    },
    "IbmDb2Settings" : {
      "$ref" : "#/definitions/IbmDb2Settings"
    },
    "KmsKeyId" : {
      "type" : "string"
    },
    "ExternalId" : {
      "type" : "string"
    },
    "DatabaseName" : {
      "type" : "string"
    },
    "NeptuneSettings" : {
      "$ref" : "#/definitions/NeptuneSettings"
    },
    "ElasticsearchSettings" : {
      "$ref" : "#/definitions/ElasticsearchSettings"
    },
    "EngineName" : {
      "type" : "string"
    },
    "DocDbSettings" : {
      "$ref" : "#/definitions/DocDbSettings"
    },
    "DynamoDbSettings" : {
      "$ref" : "#/definitions/DynamoDbSettings"
    },
    "Username" : {
      "type" : "string"
    },
    "MicrosoftSqlServerSettings" : {
      "$ref" : "#/definitions/MicrosoftSqlServerSettings"
    },
    "ServerName" : {
      "type" : "string"
    },
    "ExtraConnectionAttributes" : {
      "type" : "string"
    },
    "Id" : {
      "type" : "string"
    },
    "EndpointIdentifier" : {
      "type" : "string"
    },
    "CertificateArn" : {
      "type" : "string"
    },
    "PostgreSqlSettings" : {
      "$ref" : "#/definitions/PostgreSqlSettings"
    }
  },
  "definitions" : {
    "RedisSettings" : {
      "type" : "object",
      "additionalProperties" : false,
      "properties" : {
        "SslSecurityProtocol" : {
          "type" : "string"
        },
        "AuthUserName" : {
          "type" : "string"
        },
        "ServerName" : {
          "type" : "string"
        },
        "Port" : {
          "type" : "number"
        },
        "SslCaCertificateArn" : {
          "type" : "string"
        },
        "AuthPassword" : {
          "type" : "string"
        },
        "AuthType" : {
          "type" : "string"
        }
      }
    },
    "SybaseSettings" : {
      "type" : "object",
      "additionalProperties" : false,
      "properties" : {
        "SecretsManagerAccessRoleArn" : {
          "type" : "string"
        },
        "SecretsManagerSecretId" : {
          "type" : "string"
        }
      }
    },
    "IbmDb2Settings" : {
      "type" : "object",
      "additionalProperties" : false,
      "properties" : {
        "SecretsManagerAccessRoleArn" : {
          "type" : "string"
        },
        "SecretsManagerSecretId" : {
          "type" : "string"
        }
      }
    },
    "OracleSettings" : {
      "type" : "object",
      "additionalProperties" : false,
      "properties" : {
        "SecretsManagerOracleAsmAccessRoleArn" : {
          "type" : "string"
        },
        "SecretsManagerSecretId" : {
          "type" : "string"
        },
        "SecretsManagerOracleAsmSecretId" : {
          "type" : "string"
        },
        "SecretsManagerAccessRoleArn" : {
          "type" : "string"
        }
      }
    },
    "KafkaSettings" : {
      "type" : "object",
      "additionalProperties" : false,
      "properties" : {
        "Broker" : {
          "type" : "string"
        },
        "SaslPassword" : {
          "type" : "string"
        },
        "SslClientCertificateArn" : {
          "type" : "string"
        },
        "IncludeTransactionDetails" : {
          "type" : "boolean"
        },
        "SecurityProtocol" : {
          "type" : "string"
        },
        "IncludeTableAlterOperations" : {
          "type" : "boolean"
        },
        "SslCaCertificateArn" : {
          "type" : "string"
        },
        "IncludeControlDetails" : {
          "type" : "boolean"
        },
        "NoHexPrefix" : {
          "type" : "boolean"
        },
        "SslClientKeyArn" : {
          "type" : "string"
        },
        "SslClientKeyPassword" : {
          "type" : "string"
        },
        "SaslUserName" : {
          "type" : "string"
        },
        "Topic" : {
          "type" : "string"
        },
        "PartitionIncludeSchemaTable" : {
          "type" : "boolean"
        },
        "IncludeNullAndEmpty" : {
          "type" : "boolean"
        }
      }
    },
    "MySqlSettings" : {
      "type" : "object",
      "additionalProperties" : false,
      "properties" : {
        "SecretsManagerAccessRoleArn" : {
          "type" : "string"
        },
        "SecretsManagerSecretId" : {
          "type" : "string"
        }
      }
    },
    "NeptuneSettings" : {
      "type" : "object",
      "additionalProperties" : false,
      "properties" : {
        "MaxRetryCount" : {
          "type" : "integer"
        },
        "MaxFileSize" : {
          "type" : "integer"
        },
        "S3BucketFolder" : {
          "type" : "string"
        },
        "ErrorRetryDuration" : {
          "type" : "integer"
        },
        "IamAuthEnabled" : {
          "type" : "boolean"
        },
        "S3BucketName" : {
          "type" : "string"
        },
        "ServiceAccessRoleArn" : {
          "type" : "string"
        }
      }
    },
    "ElasticsearchSettings" : {
      "type" : "object",
      "additionalProperties" : false,
      "properties" : {
        "EndpointUri" : {
          "type" : "string"
        },
        "ErrorRetryDuration" : {
          "type" : "integer"
        },
        "FullLoadErrorPercentage" : {
          "type" : "integer"
        },
        "ServiceAccessRoleArn" : {
          "type" : "string"
        }
      }
    },
    "S3Settings" : {
      "type" : "object",
      "additionalProperties" : false,
      "properties" : {
        "ExternalTableDefinition" : {
          "type" : "string"
        },
        "BucketName" : {
          "type" : "string"
        },
        "BucketFolder" : {
          "type" : "string"
        },
        "CsvRowDelimiter" : {
          "type" : "string"
        },
        "CsvDelimiter" : {
          "type" : "string"
        },
        "ServiceAccessRoleArn" : {
          "type" : "string"
        },
        "CompressionType" : {
          "type" : "string"
        }
      }
    },
    "DocDbSettings" : {
      "type" : "object",
      "additionalProperties" : false,
      "properties" : {
        "SecretsManagerAccessRoleArn" : {
          "type" : "string"
        },
        "SecretsManagerSecretId" : {
          "type" : "string"
        }
      }
    },
    "DynamoDbSettings" : {
      "type" : "object",
      "additionalProperties" : false,
      "properties" : {
        "ServiceAccessRoleArn" : {
          "type" : "string"
        }
      }
    },
    "KinesisSettings" : {
      "type" : "object",
      "additionalProperties" : false,
      "properties" : {
        "MessageFormat" : {
          "type" : "string"
        },
        "IncludeTransactionDetails" : {
          "type" : "boolean"
        },
        "IncludeTableAlterOperations" : {
          "type" : "boolean"
        },
        "IncludeControlDetails" : {
          "type" : "boolean"
        },
        "StreamArn" : {
          "type" : "string"
        },
        "ServiceAccessRoleArn" : {
          "type" : "string"
        },
        "NoHexPrefix" : {
          "type" : "boolean"
        },
        "PartitionIncludeSchemaTable" : {
          "type" : "boolean"
        },
        "IncludeNullAndEmpty" : {
          "type" : "boolean"
        }
      }
    },
    "MicrosoftSqlServerSettings" : {
      "type" : "object",
      "additionalProperties" : false,
      "properties" : {
        "SecretsManagerAccessRoleArn" : {
          "type" : "string"
        },
        "SecretsManagerSecretId" : {
          "type" : "string"
        }
      }
    },
    "RedshiftSettings" : {
      "type" : "object",
      "additionalProperties" : false,
      "properties" : {
        "SecretsManagerAccessRoleArn" : {
          "type" : "string"
        },
        "SecretsManagerSecretId" : {
          "type" : "string"
        }
      }
    },
    "Tag" : {
      "type" : "object",
      "additionalProperties" : false,
      "properties" : {
        "Value" : {
          "type" : "string"
        },
        "Key" : {
          "type" : "string"
        }
      },
      "required" : [ "Value", "Key" ]
    },
    "MongoDbSettings" : {
      "type" : "object",
      "additionalProperties" : false,
      "properties" : {
        "Port" : {
          "type" : "integer"
        },
        "ExtractDocId" : {
          "type" : "string"
        },
        "DatabaseName" : {
          "type" : "string"
        },
        "AuthSource" : {
          "type" : "string"
        },
        "AuthMechanism" : {
          "type" : "string"
        },
        "Username" : {
          "type" : "string"
        },
        "DocsToInvestigate" : {
          "type" : "string"
        },
        "ServerName" : {
          "type" : "string"
        },
        "SecretsManagerSecretId" : {
          "type" : "string"
        },
        "AuthType" : {
          "type" : "string"
        },
        "SecretsManagerAccessRoleArn" : {
          "type" : "string"
        },
        "Password" : {
          "type" : "string"
        },
        "NestingLevel" : {
          "type" : "string"
        }
      }
    },
    "PostgreSqlSettings" : {
      "type" : "object",
      "additionalProperties" : false,
      "properties" : {
        "SecretsManagerAccessRoleArn" : {
          "type" : "string"
        },
        "SecretsManagerSecretId" : {
          "type" : "string"
        }
      }
    }
  },
  "required" : [ "EndpointType", "EngineName" ],
  "createOnlyProperties" : [ "/properties/KmsKeyId", "/properties/ResourceIdentifier", "/properties/Tags" ],
  "primaryIdentifier" : [ "/properties/Id" ],
  "readOnlyProperties" : [ "/properties/Id", "/properties/ExternalId" ]
}