{
  "typeName" : "AWS::ApiGatewayV2::Deployment",
  "description" : "Resource Type definition for AWS::ApiGatewayV2::Deployment",
  "additionalProperties" : false,
  "properties" : {
    "Id" : {
      "type" : "string"
    },
    "Description" : {
      "type" : "string"
    },
    "StageName" : {
      "type" : "string"
    },
    "ApiId" : {
      "type" : "string"
    }
  },
  "required" : [ "ApiId" ],
  "createOnlyProperties" : [ "/properties/ApiId" ],
  "primaryIdentifier" : [ "/properties/Id" ],
  "readOnlyProperties" : [ "/properties/Id" ]
}